protein_id,PROTID
sp|Q91YE6|IPO9_MOUSE,Q91YE6
sp|P63085|MK01_MOUSE,P63085
sp|Q63844|MK03_MOUSE,Q63844
sp|Q9D3B1|HACD2_MOUSE,Q9D3B1
sp|Q3UVL4|VPS51_MOUSE,Q3UVL4
sp|Q9D1M4|MCA3_MOUSE,Q9D1M4
sp|Q3TW96|UAP1L_MOUSE,Q3TW96
sp|Q6ZQH8|NU188_MOUSE,Q6ZQH8
sp|O35226|PSMD4_MOUSE,O35226
sp|Q80X85|RT07_MOUSE,Q80X85
sp|Q9CQZ5|NDUA6_MOUSE,Q9CQZ5
sp|Q8BG32|PSD11_MOUSE,Q8BG32
sp|Q9EP69|SAC1_MOUSE,Q9EP69
sp|P0C7N9|PSMG4_MOUSE,P0C7N9
sp|P28352|APEX1_MOUSE,P28352
sp|P55264|ADK_MOUSE,P55264
sp|Q6P549|SHIP2_MOUSE,Q6P549
sp|Q6NV83|SR140_MOUSE,Q6NV83
sp|P18155|MTDC_MOUSE,P18155
sp|P97807|FUMH_MOUSE,P97807
sp|P26039|TLN1_MOUSE,P26039
sp|Q9CZW5|TOM70_MOUSE,Q9CZW5
sp|Q6PD26|PIGS_MOUSE,Q6PD26
sp|Q91X20|ASH2L_MOUSE,Q91X20
sp|Q60864|STIP1_MOUSE,Q60864
sp|Q61941|NNTM_MOUSE,Q61941
sp|P30999|CTND1_MOUSE,P30999
sp|Q8VH51|RBM39_MOUSE,Q8VH51
sp|P62878|RBX1_MOUSE,P62878
sp|Q9CRB9|MIC19_MOUSE,Q9CRB9
sp|Q9D8N0|EF1G_MOUSE,Q9D8N0
sp|Q8C1B7|SEP11_MOUSE,Q8C1B7
sp|P23492|PNPH_MOUSE,P23492
sp|Q91VK4|ITM2C_MOUSE,Q91VK4
sp|P35486|ODPA_MOUSE,P35486
sp|Q80TM9|NISCH_MOUSE,Q80TM9
sp|P28667|MRP_MOUSE,P28667
sp|Q9CPQ3|TOM22_MOUSE,Q9CPQ3
sp|Q9QXK3|COPG2_MOUSE,Q9QXK3
sp|Q9ERK4|XPO2_MOUSE,Q9ERK4
sp|Q8VDJ3|VIGLN_MOUSE,Q8VDJ3
sp|Q9CPV4|GLOD4_MOUSE,Q9CPV4
sp|Q8VCX5|MICU1_MOUSE,Q8VCX5
sp|P21107|TPM3_MOUSE,P21107
sp|Q9WVE8|PACN2_MOUSE,Q9WVE8
sp|Q6P9Z1|SMRD3_MOUSE,Q6P9Z1
sp|Q921U8|SMTN_MOUSE,Q921U8
sp|Q6ZQ38|CAND1_MOUSE,Q6ZQ38
sp|Q9QX47|SON_MOUSE,Q9QX47
sp|Q9CQN1|TRAP1_MOUSE,Q9CQN1
sp|P70296|PEBP1_MOUSE,P70296
sp|P62960|YBOX1_MOUSE,P62960
sp|F6ZDS4|TPR_MOUSE,F6ZDS4
sp|E9PVA8|GCN1_MOUSE,E9PVA8
sp|P52480|KPYM_MOUSE,P52480
sp|Q9WTX2|PRKRA_MOUSE,Q9WTX2
sp|O70133|DHX9_MOUSE,O70133
sp|P28660|NCKP1_MOUSE,P28660
sp|Q9QXS1|PLEC_MOUSE,Q9QXS1
sp|Q922D8|C1TC_MOUSE,Q922D8
sp|Q7TQI3|OTUB1_MOUSE,Q7TQI3
sp|Q6P5D8|SMHD1_MOUSE,Q6P5D8
sp|E9Q4P1|WDFY1_MOUSE,E9Q4P1
sp|Q8VDN2|AT1A1_MOUSE,Q8VDN2
sp|Q9JMH9|MY18A_MOUSE,Q9JMH9
sp|Q6PDI5|ECM29_MOUSE,Q6PDI5
sp|Q91YR7|PRP6_MOUSE,Q91YR7
sp|P67778|PHB_MOUSE,P67778
sp|P30416|FKBP4_MOUSE,P30416
sp|P27546|MAP4_MOUSE,P27546
sp|Q9D1J3|SARNP_MOUSE,Q9D1J3
sp|Q9D0E1|HNRPM_MOUSE,Q9D0E1
sp|Q3UMU9|HDGR2_MOUSE,Q3UMU9
sp|O88796|RPP30_MOUSE,O88796
sp|B2RQC6|PYR1_MOUSE,B2RQC6
sp|P62259|1433E_MOUSE,P62259
sp|Q8K2B3|SDHA_MOUSE,Q8K2B3
sp|Q62470|ITA3_MOUSE,Q62470
sp|P47738|ALDH2_MOUSE,P47738
sp|Q9ET54|PALLD_MOUSE,Q9ET54
sp|Q63829|COMD3_MOUSE,Q63829
sp|Q64674|SPEE_MOUSE,Q64674
sp|Q8BK67|RCC2_MOUSE,Q8BK67
sp|O09172|GSH0_MOUSE,O09172
sp|P48678|LMNA_MOUSE,P48678
sp|E9Q5C9|NOLC1_MOUSE,E9Q5C9
sp|Q9CRA5|GOLP3_MOUSE,Q9CRA5
sp|Q8C079|STRP1_MOUSE,Q8C079
sp|Q6A068|CDC5L_MOUSE,Q6A068
sp|Q8QZY9|SF3B4_MOUSE,Q8QZY9
sp|Q99PL5|RRBP1_MOUSE,Q99PL5
sp|Q80X90|FLNB_MOUSE,Q80X90
sp|Q6A026|PDS5A_MOUSE,Q6A026
sp|Q05793|PGBM_MOUSE,Q05793
sp|P47955|RLA1_MOUSE,P47955
sp|Q6P5G6|UBXN7_MOUSE,Q6P5G6
sp|O08599|STXB1_MOUSE,O08599
sp|Q9CR57|RL14_MOUSE,Q9CR57
sp|Q8C2Q3|RBM14_MOUSE,Q8C2Q3
sp|P45377|ALD2_MOUSE,P45377
sp|P56959|FUS_MOUSE,P56959
sp|Q3THS6|METK2_MOUSE,Q3THS6
sp|Q99MI1|RB6I2_MOUSE,Q99MI1
sp|Q9JIK5|DDX21_MOUSE,Q9JIK5
sp|Q99104|MYO5A_MOUSE,Q99104
sp|P39054|DYN2_MOUSE,P39054
sp|Q6NZC7|S23IP_MOUSE,Q6NZC7
sp|Q61205|PA1B3_MOUSE,Q61205
sp|Q91Z53|GRHPR_MOUSE,Q91Z53
sp|Q99NB9|SF3B1_MOUSE,Q99NB9
sp|Q8BZQ7|ANC2_MOUSE,Q8BZQ7
sp|Q9CZN7|GLYM_MOUSE,Q9CZN7
sp|Q9DB15|RM12_MOUSE,Q9DB15
sp|P97496|SMRC1_MOUSE,P97496
sp|Q61035|HARS1_MOUSE,Q61035
sp|Q9DBR1|XRN2_MOUSE,Q9DBR1
sp|Q8BY71|HAT1_MOUSE,Q8BY71
sp|Q9WV34|MPP2_MOUSE,Q9WV34
sp|Q9JLN9|MTOR_MOUSE,Q9JLN9
sp|Q8CGC7|SYEP_MOUSE,Q8CGC7
sp|Q920B9|SP16H_MOUSE,Q920B9
sp|P70441|NHRF1_MOUSE,P70441
sp|Q921F4|HNRLL_MOUSE,Q921F4
sp|Q6PB44|PTN23_MOUSE,Q6PB44
sp|Q9D8B3|CHM4B_MOUSE,Q9D8B3
sp|E9Q414|APOB_MOUSE,E9Q414
sp|P28740|KIF2A_MOUSE,P28740
sp|P62852|RS25_MOUSE,P62852
sp|Q91ZX7|LRP1_MOUSE,Q91ZX7
sp|P61202|CSN2_MOUSE,P61202
sp|Q6NZJ6|IF4G1_MOUSE,Q6NZJ6
sp|Q9Z0Y1|DCTN3_MOUSE,Q9Z0Y1
sp|Q5SYD0|MYO1D_MOUSE,Q5SYD0
sp|Q9QUJ7|ACSL4_MOUSE,Q9QUJ7
sp|Q922F4|TBB6_MOUSE,Q922F4
sp|Q9D937|CK098_MOUSE,Q9D937
sp|P19096|FAS_MOUSE,P19096
sp|Q6P542|ABCF1_MOUSE,Q6P542
sp|Q4VAA2|CDV3_MOUSE,Q4VAA2
sp|Q91VC3|IF4A3_MOUSE,Q91VC3
sp|P62322|LSM5_MOUSE,P62322
sp|P49722|PSA2_MOUSE,P49722
sp|Q80UJ7|RB3GP_MOUSE,Q80UJ7
sp|Q9DBE9|SPB1_MOUSE,Q9DBE9
sp|Q9JKR6|HYOU1_MOUSE,Q9JKR6
sp|P36916|GNL1_MOUSE,P36916
sp|Q99JT2|STK26_MOUSE,Q99JT2
sp|Q9DBS1|TMM43_MOUSE,Q9DBS1
sp|Q9JIX8|ACINU_MOUSE,Q9JIX8
sp|Q921N6|DDX27_MOUSE,Q921N6
sp|Q3TDN2|FAF2_MOUSE,Q3TDN2
sp|Q9CRB2|NHP2_MOUSE,Q9CRB2
sp|Q9D819|IPYR_MOUSE,Q9D819
sp|Q99P88|NU155_MOUSE,Q99P88
sp|Q9JLV1|BAG3_MOUSE,Q9JLV1
sp|Q8VC30|TKFC_MOUSE,Q8VC30
sp|Q8BJY1|PSMD5_MOUSE,Q8BJY1
sp|P70697|DCUP_MOUSE,P70697
sp|Q921T2|TOIP1_MOUSE,Q921T2
sp|P05064|ALDOA_MOUSE,P05064
sp|Q9JIG7|CCD22_MOUSE,Q9JIG7
sp|P54103|DNJC2_MOUSE,P54103
sp|P62827|RAN_MOUSE,P62827
sp|Q9WV98|TIM9_MOUSE,Q9WV98
sp|P62911|RL32_MOUSE,P62911
sp|Q8BL66|EEA1_MOUSE,Q8BL66
sp|P02469|LAMB1_MOUSE,P02469
sp|Q6PAM1|TXLNA_MOUSE,Q6PAM1
sp|Q61655|DD19A_MOUSE,Q61655
sp|P53986|MOT1_MOUSE,P53986
sp|Q9D0I9|SYRC_MOUSE,Q9D0I9
sp|Q62318|TIF1B_MOUSE,Q62318
sp|Q8BYA0|TBCD_MOUSE,Q8BYA0
sp|Q8C0I1|ADAS_MOUSE,Q8C0I1
sp|Q9QZQ8|H2AY_MOUSE,Q9QZQ8
sp|Q91V12|BACH_MOUSE,Q91V12
sp|Q9CQ60|6PGL_MOUSE,Q9CQ60
sp|Q64727|VINC_MOUSE,Q64727
sp|Q8C3X8|LMF2_MOUSE,Q8C3X8
sp|P54822|PUR8_MOUSE,P54822
sp|P97429|ANXA4_MOUSE,P97429
sp|Q8BGD9|IF4B_MOUSE,Q8BGD9
sp|Q9JIH2|NUP50_MOUSE,Q9JIH2
sp|Q9Z1Z2|STRAP_MOUSE,Q9Z1Z2
sp|P81117|NUCB2_MOUSE,P81117
sp|Q8C4B4|U119B_MOUSE,Q8C4B4
sp|Q9CR62|M2OM_MOUSE,Q9CR62
sp|Q9JK23|PSMG1_MOUSE,Q9JK23
sp|Q8C156|CND2_MOUSE,Q8C156
sp|Q9CU62|SMC1A_MOUSE,Q9CU62
sp|Q9D6T0|NOSIP_MOUSE,Q9D6T0
sp|Q9DCC4|P5CR3_MOUSE,Q9DCC4
sp|Q8BXA1|GOLI4_MOUSE,Q8BXA1
sp|Q61033|LAP2A_MOUSE,Q61033
sp|P08003|PDIA4_MOUSE,P08003
sp|Q9JHU4|DYHC1_MOUSE,Q9JHU4
sp|P13595|NCAM1_MOUSE,P13595
sp|Q9CPY7|AMPL_MOUSE,Q9CPY7
sp|Q9Z204|HNRPC_MOUSE,Q9Z204
sp|Q64737|PUR2_MOUSE,Q64737
sp|Q02053|UBA1_MOUSE,Q02053
sp|Q60875|ARHG2_MOUSE,Q60875
sp|Q9WV70|NOC2L_MOUSE,Q9WV70
sp|P28474|ADHX_MOUSE,P28474
sp|Q9D0G0|RT30_MOUSE,Q9D0G0
sp|Q99LC5|ETFA_MOUSE,Q99LC5
sp|Q8R010|AIMP2_MOUSE,Q8R010
sp|Q9D2G2|ODO2_MOUSE,Q9D2G2
sp|P63038|CH60_MOUSE,P63038
sp|Q3V3R1|C1TM_MOUSE,Q3V3R1
sp|Q61545|EWS_MOUSE,Q61545
sp|Q9D2R0|AACS_MOUSE,Q9D2R0
sp|Q64012|RALY_MOUSE,Q64012
sp|P17182|ENOA_MOUSE,P17182
sp|P09405|NUCL_MOUSE,P09405
sp|P13439|UMPS_MOUSE,P13439
sp|Q9CQW1|YKT6_MOUSE,Q9CQW1
sp|P51881|ADT2_MOUSE,P51881
sp|P48962|ADT1_MOUSE,P48962
sp|P10107|ANXA1_MOUSE,P10107
sp|Q9CQI6|COTL1_MOUSE,Q9CQI6
sp|P62874|GBB1_MOUSE,P62874
sp|P56873|ZNRD2_MOUSE,P56873
sp|Q61553|FSCN1_MOUSE,Q61553
sp|Q99K28|ARFG2_MOUSE,Q99K28
sp|P62880|GBB2_MOUSE,P62880
sp|Q69ZN7|MYOF_MOUSE,Q69ZN7
sp|P56380|AP4A_MOUSE,P56380
sp|Q62465|VAT1_MOUSE,Q62465
sp|P16045|LEG1_MOUSE,P16045
sp|Q9DCL9|PUR6_MOUSE,Q9DCL9
sp|Q99LI8|HGS_MOUSE,Q99LI8
sp|Q8C7R4|UBA6_MOUSE,Q8C7R4
sp|Q7TPR4|ACTN1_MOUSE,Q7TPR4
sp|P57780|ACTN4_MOUSE,P57780
sp|P15105|GLNA_MOUSE,P15105
sp|Q8R143|PTTG_MOUSE,Q8R143
sp|P21550|ENOB_MOUSE,P21550
sp|P17427|AP2A2_MOUSE,P17427
sp|Q62092|NSG1_MOUSE,Q62092
sp|P14069|S10A6_MOUSE,P14069
sp|Q62193|RFA2_MOUSE,Q62193
sp|P97370|AT1B3_MOUSE,P97370
sp|P97351|RS3A_MOUSE,P97351
sp|Q03145|EPHA2_MOUSE,Q03145
sp|P11103|PARP1_MOUSE,P11103
sp|Q05920|PYC_MOUSE,Q05920
sp|P80318|TCPG_MOUSE,P80318
sp|Q3THK7|GUAA_MOUSE,Q3THK7
sp|Q61595|KTN1_MOUSE,Q61595
sp|Q64514|TPP2_MOUSE,Q64514
sp|Q8VI75|IPO4_MOUSE,Q8VI75
sp|P62908|RS3_MOUSE,P62908
sp|P61164|ACTZ_MOUSE,P61164
sp|Q6PB66|LPPRC_MOUSE,Q6PB66
sp|Q8BFZ9|ERLN2_MOUSE,Q8BFZ9
sp|O88487|DC1I2_MOUSE,O88487
sp|P48036|ANXA5_MOUSE,P48036
sp|Q9QYR9|ACOT2_MOUSE,Q9QYR9
sp|P63024|VAMP3_MOUSE,P63024
sp|Q99JX3|GORS2_MOUSE,Q99JX3
sp|P22892|AP1G1_MOUSE,P22892
sp|Q9WTQ5|AKA12_MOUSE,Q9WTQ5
sp|Q78PY7|SND1_MOUSE,Q78PY7
sp|P11087|CO1A1_MOUSE,P11087
sp|Q923D5|WBP11_MOUSE,Q923D5
sp|P63242|IF5A1_MOUSE,P63242
sp|Q9Z315|SNUT1_MOUSE,Q9Z315
sp|Q9Z1D1|EIF3G_MOUSE,Q9Z1D1
sp|Q8BWY3|ERF1_MOUSE,Q8BWY3
sp|P62869|ELOB_MOUSE,P62869
sp|P62311|LSM3_MOUSE,P62311
sp|Q922B2|SYDC_MOUSE,Q922B2
sp|P51863|VA0D1_MOUSE,P51863
sp|P56812|PDCD5_MOUSE,P56812
sp|P35700|PRDX1_MOUSE,P35700
sp|Q9Z2Z6|MCAT_MOUSE,Q9Z2Z6
sp|O70310|NMT1_MOUSE,O70310
sp|Q3UMF0|COBL1_MOUSE,Q3UMF0
sp|Q91V92|ACLY_MOUSE,Q91V92
sp|Q9Z0P4|PALM_MOUSE,Q9Z0P4
sp|Q8VDD5|MYH9_MOUSE,Q8VDD5
sp|P47791|GSHR_MOUSE,P47791
sp|Q9WUK2|IF4H_MOUSE,Q9WUK2
sp|P61804|DAD1_MOUSE,P61804
sp|Q60854|SPB6_MOUSE,Q60854
sp|Q8K298|ANLN_MOUSE,Q8K298
sp|P39447|ZO1_MOUSE,P39447
sp|P62141|PP1B_MOUSE,P62141
sp|Q921C5|BICD2_MOUSE,Q921C5
sp|O08749|DLDH_MOUSE,O08749
sp|P62242|RS8_MOUSE,P62242
sp|P14206|RSSA_MOUSE,P14206
sp|P62270|RS18_MOUSE,P62270
sp|P58021|TM9S2_MOUSE,P58021
sp|Q6ZWX6|IF2A_MOUSE,Q6ZWX6
sp|Q9Z2H5|E41L1_MOUSE,Q9Z2H5
sp|P62281|RS11_MOUSE,P62281
sp|Q9JL62|GLTP_MOUSE,Q9JL62
sp|P10649|GSTM1_MOUSE,P10649
sp|Q6ZWY8|TYB10_MOUSE,Q6ZWY8
sp|P68037|UB2L3_MOUSE,P68037
sp|Q9CT10|RANB3_MOUSE,Q9CT10
sp|Q91V41|RAB14_MOUSE,Q91V41
sp|P47754|CAZA2_MOUSE,P47754
sp|Q9QWL7|K1C17_MOUSE,Q9QWL7
sp|Q61781|K1C14_MOUSE,Q61781
sp|P62897|CYC_MOUSE,P62897
sp|P11499|HS90B_MOUSE,P11499
sp|Q3UM18|LSG1_MOUSE,Q3UM18
sp|Q9D8Y0|EFHD2_MOUSE,Q9D8Y0
sp|Q99P58|RB27B_MOUSE,Q99P58
sp|Q9JJ28|FLII_MOUSE,Q9JJ28
sp|Q99LC8|EI2BA_MOUSE,Q99LC8
sp|Q8BIJ6|SYIM_MOUSE,Q8BIJ6
sp|Q9D0R2|SYTC_MOUSE,Q9D0R2
sp|P40124|CAP1_MOUSE,P40124
sp|Q9D0F9|PGM1_MOUSE,Q9D0F9
sp|Q9JHU9|INO1_MOUSE,Q9JHU9
sp|Q61768|KINH_MOUSE,Q61768
sp|Q9CQ36|DPOE4_MOUSE,Q9CQ36
sp|Q9Z1F9|SAE2_MOUSE,Q9Z1F9
sp|Q78ZA7|NP1L4_MOUSE,Q78ZA7
sp|Q8K009|AL1L2_MOUSE,Q8K009
sp|Q3UDW8|HGNAT_MOUSE,Q3UDW8
sp|Q60710|SAMH1_MOUSE,Q60710
sp|E9Q555|RN213_MOUSE,E9Q555
sp|Q8BJW5|NOL11_MOUSE,Q8BJW5
sp|Q9WVK4|EHD1_MOUSE,Q9WVK4
sp|P0DP26|CALM1_MOUSE,P0DP26
sp|P70336|ROCK2_MOUSE,P70336
sp|Q62084|PP14B_MOUSE,Q62084
sp|Q9EPU0|RENT1_MOUSE,Q9EPU0
sp|Q9QYH6|MAGD1_MOUSE,Q9QYH6
sp|Q8R5H1|UBP15_MOUSE,Q8R5H1
sp|Q80UG5|SEPT9_MOUSE,Q80UG5
sp|P42208|SEPT2_MOUSE,P42208
sp|O55131|SEPT7_MOUSE,O55131
sp|Q99KK7|DPP3_MOUSE,Q99KK7
sp|Q9CR00|PSMD9_MOUSE,Q9CR00
sp|Q99ME9|GTPB4_MOUSE,Q99ME9
sp|Q9QXG2|RAE1_MOUSE,Q9QXG2
sp|Q08943|SSRP1_MOUSE,Q08943
sp|Q9CWZ3|RBM8A_MOUSE,Q9CWZ3
sp|P70399|TP53B_MOUSE,P70399
sp|Q99M31|HSP7E_MOUSE,Q99M31
sp|P16546|SPTN1_MOUSE,P16546
sp|Q9Z0E6|GBP2_MOUSE,Q9Z0E6
sp|P20444|KPCA_MOUSE,P20444
sp|P19783|COX41_MOUSE,P19783
sp|Q7TNC4|LC7L2_MOUSE,Q7TNC4
sp|Q9Z1Q9|SYVC_MOUSE,Q9Z1Q9
sp|O08529|CAN2_MOUSE,O08529
sp|Q9WVA2|TIM8A_MOUSE,Q9WVA2
sp|Q8CHP8|PGP_MOUSE,Q8CHP8
sp|Q3UV17|K22O_MOUSE,Q3UV17
sp|Q8BR92|PALM2_MOUSE,Q8BR92
sp|P50446|K2C6A_MOUSE,P50446
sp|O88428|PAPS2_MOUSE,O88428
sp|P63325|RS10_MOUSE,P63325
sp|Q8BFR5|EFTU_MOUSE,Q8BFR5
sp|P97765|WBP2_MOUSE,P97765
sp|Q9D7A8|ARMC1_MOUSE,Q9D7A8
sp|Q9Z0H1|WDR46_MOUSE,Q9Z0H1
sp|P05202|AATM_MOUSE,P05202
sp|Q61081|CDC37_MOUSE,Q61081
sp|Q9R1T2|SAE1_MOUSE,Q9R1T2
sp|P97311|MCM6_MOUSE,P97311
sp|Q8JZQ9|EIF3B_MOUSE,Q8JZQ9
sp|Q60930|VDAC2_MOUSE,Q60930
sp|P06801|MAOX_MOUSE,P06801
sp|Q8C7Q4|RBM4_MOUSE,Q8C7Q4
sp|O08784|TCOF_MOUSE,O08784
sp|Q0GNC1|INF2_MOUSE,Q0GNC1
sp|A2AHC3|CAMP1_MOUSE,A2AHC3
sp|P26645|MARCS_MOUSE,P26645
sp|P48428|TBCA_MOUSE,P48428
sp|P07356|ANXA2_MOUSE,P07356
sp|Q6PDY2|AEDO_MOUSE,Q6PDY2
sp|P17918|PCNA_MOUSE,P17918
sp|Q921I2|KLDC4_MOUSE,Q921I2
sp|Q9D7E4|CS025_MOUSE,Q9D7E4
sp|Q61699|HS105_MOUSE,Q61699
sp|P35564|CALX_MOUSE,P35564
sp|P37889|FBLN2_MOUSE,P37889
sp|P50518|VATE1_MOUSE,P50518
sp|Q810B6|ANFY1_MOUSE,Q810B6
sp|Q8BP27|SFR1_MOUSE,Q8BP27
sp|P14873|MAP1B_MOUSE,P14873
sp|Q9CXW4|RL11_MOUSE,Q9CXW4
sp|P25976|UBF1_MOUSE,P25976
sp|Q922Y1|UBXN1_MOUSE,Q922Y1
sp|E9Q7G0|NUMA1_MOUSE,E9Q7G0
sp|Q8K1M6|DNM1L_MOUSE,Q8K1M6
sp|P21981|TGM2_MOUSE,P21981
sp|E9Q557|DESP_MOUSE,E9Q557
sp|Q99JN2|KLH22_MOUSE,Q99JN2
sp|Q9Z1Q5|CLIC1_MOUSE,Q9Z1Q5
sp|Q0VGB7|PP4R2_MOUSE,Q0VGB7
sp|Q99MD9|NASP_MOUSE,Q99MD9
sp|Q04750|TOP1_MOUSE,Q04750
sp|Q8CG47|SMC4_MOUSE,Q8CG47
sp|Q9D6K8|FUND2_MOUSE,Q9D6K8
sp|Q9D753|EXOS8_MOUSE,Q9D753
sp|Q8VCT3|AMPB_MOUSE,Q8VCT3
sp|Q9D824|FIP1_MOUSE,Q9D824
sp|Q8BTM8|FLNA_MOUSE,Q8BTM8
sp|Q8BWQ6|VP35L_MOUSE,Q8BWQ6
sp|Q91XV3|BASP1_MOUSE,Q91XV3
sp|Q6IRU2|TPM4_MOUSE,Q6IRU2
sp|Q8BP71|RFOX2_MOUSE,Q8BP71
sp|P18052|PTPRA_MOUSE,P18052
sp|Q9DCH6|ZFAN6_MOUSE,Q9DCH6
sp|Q8VHX6|FLNC_MOUSE,Q8VHX6
sp|P19253|RL13A_MOUSE,P19253
sp|Q8K268|ABCF3_MOUSE,Q8K268
sp|P09103|PDIA1_MOUSE,P09103
sp|O54998|FKBP7_MOUSE,O54998
sp|Q9CX86|ROA0_MOUSE,Q9CX86
sp|Q9Z110|P5CS_MOUSE,Q9Z110
sp|Q9CQ80|VPS25_MOUSE,Q9CQ80
sp|Q9EP71|RAI14_MOUSE,Q9EP71
sp|O08788|DCTN1_MOUSE,O08788
sp|Q921H8|THIKA_MOUSE,Q921H8
sp|Q9EQH3|VPS35_MOUSE,Q9EQH3
sp|O54988|SLK_MOUSE,O54988
sp|Q8BSY0|ASPH_MOUSE,Q8BSY0
sp|Q8VIJ6|SFPQ_MOUSE,Q8VIJ6
sp|Q8R326|PSPC1_MOUSE,Q8R326
sp|P08030|APT_MOUSE,P08030
sp|Q62261|SPTB2_MOUSE,Q62261
sp|Q91YP2|NEUL_MOUSE,Q91YP2
sp|Q9CW03|SMC3_MOUSE,Q9CW03
sp|Q7TQK5|CCD93_MOUSE,Q7TQK5
sp|O08528|HXK2_MOUSE,O08528
sp|P55937|GOGA3_MOUSE,P55937
sp|Q9R0E2|PLOD1_MOUSE,Q9R0E2
sp|P58771|TPM1_MOUSE,P58771
sp|Q61584|FXR1_MOUSE,Q61584
sp|Q920A5|RISC_MOUSE,Q920A5
sp|Q91YI0|ARLY_MOUSE,Q91YI0
sp|Q9Z1N5|DX39B_MOUSE,Q9Z1N5
sp|Q61335|BAP31_MOUSE,Q61335
sp|P59999|ARPC4_MOUSE,P59999
sp|Q8BH24|TM9S4_MOUSE,Q8BH24
sp|O35344|IMA4_MOUSE,O35344
sp|P46460|NSF_MOUSE,P46460
sp|O70252|HMOX2_MOUSE,O70252
sp|Q7TPV4|MBB1A_MOUSE,Q7TPV4
sp|P61089|UBE2N_MOUSE,P61089
sp|Q3TGF2|F107B_MOUSE,Q3TGF2
sp|Q99JY9|ARP3_MOUSE,Q99JY9
sp|Q6ZWM4|LSM8_MOUSE,Q6ZWM4
sp|P68040|RACK1_MOUSE,P68040
sp|Q9CPU0|LGUL_MOUSE,Q9CPU0
sp|Q8VDW0|DX39A_MOUSE,Q8VDW0
sp|Q99PT1|GDIR1_MOUSE,Q99PT1
sp|Q60597|ODO1_MOUSE,Q60597
sp|Q99JB2|STML2_MOUSE,Q99JB2
sp|Q9CYI4|LUC7L_MOUSE,Q9CYI4
sp|P02468|LAMC1_MOUSE,P02468
sp|Q00612|G6PD1_MOUSE,Q00612
sp|P32507|NECT2_MOUSE,P32507
sp|Q9JKP7|DPOE3_MOUSE,Q9JKP7
sp|Q8R317|UBQL1_MOUSE,Q8R317
sp|Q922S8|KIF2C_MOUSE,Q922S8
sp|Q99KD5|UN45A_MOUSE,Q99KD5
sp|Q9D662|SC23B_MOUSE,Q9D662
sp|Q9CQ65|MTAP_MOUSE,Q9CQ65
sp|Q99LD4|CSN1_MOUSE,Q99LD4
sp|P52431|DPOD1_MOUSE,P52431
sp|Q99L43|CDS2_MOUSE,Q99L43
sp|O35685|NUDC_MOUSE,O35685
sp|O70492|SNX3_MOUSE,O70492
sp|Q8C878|UBA3_MOUSE,Q8C878
sp|P62627|DLRB1_MOUSE,P62627
sp|Q8CGC6|RBM28_MOUSE,Q8CGC6
sp|Q9CR68|UCRI_MOUSE,Q9CR68
sp|Q3TLH4|PRC2C_MOUSE,Q3TLH4
sp|Q9CQC6|BZW1_MOUSE,Q9CQC6
sp|Q9CR98|F136A_MOUSE,Q9CR98
sp|Q9R0Y5|KAD1_MOUSE,Q9R0Y5
sp|P60670|NPL4_MOUSE,P60670
sp|Q60847|COCA1_MOUSE,Q60847
sp|P60229|EIF3E_MOUSE,P60229
sp|Q99JI4|PSMD6_MOUSE,Q99JI4
sp|Q64008|RAB34_MOUSE,Q64008
sp|Q8BH95|ECHM_MOUSE,Q8BH95
sp|P26043|RADI_MOUSE,P26043
sp|Q921F2|TADBP_MOUSE,Q921F2
sp|P60335|PCBP1_MOUSE,P60335
sp|Q9EPL8|IPO7_MOUSE,Q9EPL8
sp|Q91WQ3|SYYC_MOUSE,Q91WQ3
sp|Q8BHG1|NRDC_MOUSE,Q8BHG1
sp|Q8BJ71|NUP93_MOUSE,Q8BJ71
sp|Q7TSV4|PGM2_MOUSE,Q7TSV4
sp|Q8R1I1|QCR9_MOUSE,Q8R1I1
sp|Q6NZB0|DNJC8_MOUSE,Q6NZB0
sp|Q9CZ30|OLA1_MOUSE,Q9CZ30
sp|Q01853|TERA_MOUSE,Q01853
sp|Q91WM3|U3IP2_MOUSE,Q91WM3
sp|Q4PZA2|ECE1_MOUSE,Q4PZA2
sp|Q9JLJ2|AL9A1_MOUSE,Q9JLJ2
sp|P50580|PA2G4_MOUSE,P50580
sp|Q8BHN3|GANAB_MOUSE,Q8BHN3
sp|P11440|CDK1_MOUSE,P11440
sp|A2A432|CUL4B_MOUSE,A2A432
sp|P84104|SRSF3_MOUSE,P84104
sp|Q8BML9|SYQ_MOUSE,Q8BML9
sp|Q3UVK0|ERMP1_MOUSE,Q3UVK0
sp|O08810|U5S1_MOUSE,O08810
sp|Q9JHR7|IDE_MOUSE,Q9JHR7
sp|A2AGT5|CKAP5_MOUSE,A2AGT5
sp|Q62448|IF4G2_MOUSE,Q62448
sp|Q60676|PPP5_MOUSE,Q60676
sp|Q99K70|RRAGC_MOUSE,Q99K70
sp|Q9D1R9|RL34_MOUSE,Q9D1R9
sp|P27659|RL3_MOUSE,P27659
sp|Q9CQ69|QCR8_MOUSE,Q9CQ69
sp|Q3UW53|NIBA1_MOUSE,Q3UW53
sp|P17047|LAMP2_MOUSE,P17047
sp|Q8BFR4|GNS_MOUSE,Q8BFR4
sp|O70503|DHB12_MOUSE,O70503
sp|Q61316|HSP74_MOUSE,Q61316
sp|P70280|VAMP7_MOUSE,P70280
sp|Q9R0P3|ESTD_MOUSE,Q9R0P3
sp|P61620|S61A1_MOUSE,P61620
sp|Q8C0C7|SYFA_MOUSE,Q8C0C7
sp|P26041|MOES_MOUSE,P26041
sp|P58044|IDI1_MOUSE,P58044
sp|Q8BL97|SRSF7_MOUSE,Q8BL97
sp|P61600|NAA20_MOUSE,P61600
sp|Q9CWM4|PFD1_MOUSE,Q9CWM4
sp|Q9CZ44|NSF1C_MOUSE,Q9CZ44
sp|Q62351|TFR1_MOUSE,Q62351
sp|P25444|RS2_MOUSE,P25444
sp|Q5SSL4|ABR_MOUSE,Q5SSL4
sp|Q9QUR6|PPCE_MOUSE,Q9QUR6
sp|O35658|C1QBP_MOUSE,O35658
sp|Q9CYD3|CRTAP_MOUSE,Q9CYD3
sp|P29758|OAT_MOUSE,P29758
sp|Q3UA06|PCH2_MOUSE,Q3UA06
sp|Q3U0V2|TRADD_MOUSE,Q3U0V2
sp|Q78IK2|ATPMK_MOUSE,Q78IK2
sp|P14576|SRP54_MOUSE,P14576
sp|Q9DC70|NDUS7_MOUSE,Q9DC70
sp|Q9CXS4|CENPV_MOUSE,Q9CXS4
sp|Q6P1F6|2ABA_MOUSE,Q6P1F6
sp|P08249|MDHM_MOUSE,P08249
sp|P14869|RLA0_MOUSE,P14869
sp|Q99L04|DHRS1_MOUSE,Q99L04
sp|P58871|TB182_MOUSE,P58871
sp|Q9DBG7|SRPRA_MOUSE,Q9DBG7
sp|Q9QZE5|COPG1_MOUSE,Q9QZE5
sp|Q6PHZ2|KCC2D_MOUSE,Q6PHZ2
sp|Q61425|HCDH_MOUSE,Q61425
sp|Q8K4M5|COMD1_MOUSE,Q8K4M5
sp|Q9DCW4|ETFB_MOUSE,Q9DCW4
sp|Q5SSZ5|TENS3_MOUSE,Q5SSZ5
sp|Q9JMG7|HDGR3_MOUSE,Q9JMG7
sp|Q3U962|CO5A2_MOUSE,Q3U962
sp|P51859|HDGF_MOUSE,P51859
sp|Q9CZE3|RAB32_MOUSE,Q9CZE3
sp|Q99LJ0|CT2NL_MOUSE,Q99LJ0
sp|Q921M4|GOGA2_MOUSE,Q921M4
sp|P60710|ACTB_MOUSE,P60710
sp|Q9D0K2|SCOT1_MOUSE,Q9D0K2
sp|Q8BIF9|ZN787_MOUSE,Q8BIF9
sp|Q60876|4EBP1_MOUSE,Q60876
sp|P82343|RENBP_MOUSE,P82343
sp|Q9Z0N1|IF2G_MOUSE,Q9Z0N1
sp|Q8VDP4|CCAR2_MOUSE,Q8VDP4
sp|P09411|PGK1_MOUSE,P09411
sp|O09061|PSB1_MOUSE,O09061
sp|Q9CPQ1|COX6C_MOUSE,Q9CPQ1
sp|P58252|EF2_MOUSE,P58252
sp|P49717|MCM4_MOUSE,P49717
sp|Q11011|PSA_MOUSE,Q11011
sp|P50247|SAHH_MOUSE,P50247
sp|Q9ESZ8|GTF2I_MOUSE,Q9ESZ8
sp|P49718|MCM5_MOUSE,P49718
sp|P97310|MCM2_MOUSE,P97310
sp|Q921I9|EXOS4_MOUSE,Q921I9
sp|Q8BMS1|ECHA_MOUSE,Q8BMS1
sp|Q8CE72|CPLN1_MOUSE,Q8CE72
sp|Q9CWS0|DDAH1_MOUSE,Q9CWS0
sp|Q3UKC1|TAXB1_MOUSE,Q3UKC1
sp|Q8BTW3|EXOS6_MOUSE,Q8BTW3
sp|Q8BIQ5|CSTF2_MOUSE,Q8BIQ5
sp|C0HKE1|H2A1B_MOUSE,C0HKE1
sp|Q8BXQ2|PIGT_MOUSE,Q8BXQ2
sp|P14148|RL7_MOUSE,P14148
sp|P67984|RL22_MOUSE,P67984
sp|Q61292|LAMB2_MOUSE,Q61292
sp|Q99MR6|SRRT_MOUSE,Q99MR6
sp|Q9WVG6|CARM1_MOUSE,Q9WVG6
sp|Q7TMK9|HNRPQ_MOUSE,Q7TMK9
sp|O55125|NIPS1_MOUSE,O55125
sp|Q9DCD0|6PGD_MOUSE,Q9DCD0
sp|Q9JHP7|PLGT2_MOUSE,Q9JHP7
sp|Q8K224|NAT10_MOUSE,Q8K224
sp|Q9DAW9|CNN3_MOUSE,Q9DAW9
sp|Q8BH59|CMC1_MOUSE,Q8BH59
sp|P47911|RL6_MOUSE,P47911
sp|Q9QYB1|CLIC4_MOUSE,Q9QYB1
sp|Q9QXZ0|MACF1_MOUSE,Q9QXZ0
sp|Q6P9P6|KIF11_MOUSE,Q6P9P6
sp|Q9ER72|SYCC_MOUSE,Q9ER72
sp|Q9Z1R2|BAG6_MOUSE,Q9Z1R2
sp|Q922K7|NOP2_MOUSE,Q922K7
sp|Q9Z277|BAZ1B_MOUSE,Q9Z277
sp|Q61753|SERA_MOUSE,Q61753
sp|P35441|TSP1_MOUSE,P35441
sp|O35350|CAN1_MOUSE,O35350
sp|P43406|ITAV_MOUSE,P43406
sp|P11688|ITA5_MOUSE,P11688
sp|Q924K8|MTA3_MOUSE,Q924K8
sp|Q91V61|SFXN3_MOUSE,Q91V61
sp|Q9QZ08|NAGK_MOUSE,Q9QZ08
sp|P12815|PDCD6_MOUSE,P12815
sp|P12970|RL7A_MOUSE,P12970
sp|Q9QXS6|DREB_MOUSE,Q9QXS6
sp|Q8CGK3|LONM_MOUSE,Q8CGK3
sp|P62962|PROF1_MOUSE,P62962
sp|Q9Z2N8|ACL6A_MOUSE,Q9Z2N8
sp|Q8R0X7|SGPL1_MOUSE,Q8R0X7
sp|P42932|TCPQ_MOUSE,P42932
sp|P56480|ATPB_MOUSE,P56480
sp|Q68FD5|CLH1_MOUSE,Q68FD5
sp|Q9DAR7|DCPS_MOUSE,Q9DAR7
sp|P97930|KTHY_MOUSE,P97930
sp|P26231|CTNA1_MOUSE,P26231
sp|P63005|LIS1_MOUSE,P63005
sp|Q9Z0X1|AIFM1_MOUSE,Q9Z0X1
sp|O35551|RABE1_MOUSE,O35551
sp|Q8BFQ8|GALD1_MOUSE,Q8BFQ8
sp|P46467|VPS4B_MOUSE,P46467
sp|Q99L47|F10A1_MOUSE,Q99L47
sp|Q9QY33|TSN3_MOUSE,Q9QY33
sp|D3YXK2|SAFB1_MOUSE,D3YXK2
sp|Q3TKT4|SMCA4_MOUSE,Q3TKT4
sp|P54227|STMN1_MOUSE,P54227
sp|Q8BJU0|SGTA_MOUSE,Q8BJU0
sp|P61967|AP1S1_MOUSE,P61967
sp|P97471|SMAD4_MOUSE,P97471
sp|O88477|IF2B1_MOUSE,O88477
sp|Q9D2Q8|S10AE_MOUSE,Q9D2Q8
sp|Q8BY87|UBP47_MOUSE,Q8BY87
sp|O55142|RL35A_MOUSE,O55142
sp|Q9Z1E4|GYS1_MOUSE,Q9Z1E4
sp|Q9WUM3|COR1B_MOUSE,Q9WUM3
sp|Q9WUM4|COR1C_MOUSE,Q9WUM4
sp|P60521|GBRL2_MOUSE,P60521
sp|Q8R4U7|LUZP1_MOUSE,Q8R4U7
sp|P18242|CATD_MOUSE,P18242
sp|P13864|DNMT1_MOUSE,P13864
sp|P52293|IMA1_MOUSE,P52293
sp|Q9CZU3|MTREX_MOUSE,Q9CZU3
sp|Q9Z2U1|PSA5_MOUSE,Q9Z2U1
sp|P12382|PFKAL_MOUSE,P12382
sp|Q8K2Z4|CND1_MOUSE,Q8K2Z4
sp|P62082|RS7_MOUSE,P62082
sp|P10630|IF4A2_MOUSE,P10630
sp|Q9D6Z1|NOP56_MOUSE,Q9D6Z1
sp|Q9DCR2|AP3S1_MOUSE,Q9DCR2
sp|P61924|COPZ1_MOUSE,P61924
sp|P24527|LKHA4_MOUSE,P24527
sp|P17710|HXK1_MOUSE,P17710
sp|P24472|GSTA4_MOUSE,P24472
sp|P99024|TBB5_MOUSE,P99024
sp|P61211|ARL1_MOUSE,P61211
sp|Q9R0Q3|TMED2_MOUSE,Q9R0Q3
sp|P14824|ANXA6_MOUSE,P14824
sp|Q8BYK6|YTHD3_MOUSE,Q8BYK6
sp|Q5FWK3|RHG01_MOUSE,Q5FWK3
sp|Q9QUM9|PSA6_MOUSE,Q9QUM9
sp|Q3U0V1|FUBP2_MOUSE,Q3U0V1
sp|Q8BWW4|LARP4_MOUSE,Q8BWW4
sp|Q8VD75|HIP1_MOUSE,Q8VD75
sp|Q02248|CTNB1_MOUSE,Q02248
sp|P25206|MCM3_MOUSE,P25206
sp|Q9CR16|PPID_MOUSE,Q9CR16
sp|Q3UEB3|PUF60_MOUSE,Q3UEB3
sp|Q9Z1B5|MD2L1_MOUSE,Q9Z1B5
sp|Q05D44|IF2P_MOUSE,Q05D44
sp|P14685|PSMD3_MOUSE,P14685
sp|Q91Z38|TTC1_MOUSE,Q91Z38
sp|O88544|CSN4_MOUSE,O88544
sp|Q3TCH7|CUL4A_MOUSE,Q3TCH7
sp|Q8K4B0|MTA1_MOUSE,Q8K4B0
sp|P56389|CDD_MOUSE,P56389
sp|Q9EQ20|MMSA_MOUSE,Q9EQ20
sp|Q62384|ZPR1_MOUSE,Q62384
sp|O35857|TIM44_MOUSE,O35857
sp|O88532|ZFR_MOUSE,O88532
sp|Q8BTV2|CPSF7_MOUSE,Q8BTV2
sp|Q6NVF9|CPSF6_MOUSE,Q6NVF9
sp|Q6NZN0|RBM26_MOUSE,Q6NZN0
sp|P70372|ELAV1_MOUSE,P70372
sp|B2RXS4|PLXB2_MOUSE,B2RXS4
sp|Q99J62|RFC4_MOUSE,Q99J62
sp|Q8BP67|RL24_MOUSE,Q8BP67
sp|Q61990|PCBP2_MOUSE,Q61990
sp|Q64282|IFIT1_MOUSE,Q64282
sp|Q61581|IBP7_MOUSE,Q61581
sp|P46638|RB11B_MOUSE,P46638
sp|Q6P5E4|UGGG1_MOUSE,Q6P5E4
sp|Q62188|DPYL3_MOUSE,Q62188
sp|Q9Z2U0|PSA7_MOUSE,Q9Z2U0
sp|P97447|FHL1_MOUSE,P97447
sp|P23116|EIF3A_MOUSE,P23116
sp|Q8VDM6|HNRL1_MOUSE,Q8VDM6
sp|Q8CGF7|TCRG1_MOUSE,Q8CGF7
sp|P09671|SODM_MOUSE,P09671
sp|Q9D8W5|PSD12_MOUSE,Q9D8W5
sp|Q11136|PEPD_MOUSE,Q11136
sp|Q9Z1G4|VPP1_MOUSE,Q9Z1G4
sp|Q80W68|KIRR1_MOUSE,Q80W68
sp|P97346|NXN_MOUSE,P97346
sp|Q60749|KHDR1_MOUSE,Q60749
sp|P20029|BIP_MOUSE,P20029
sp|Q01320|TOP2A_MOUSE,Q01320
sp|P43277|H13_MOUSE,P43277
sp|Q91XU0|WRIP1_MOUSE,Q91XU0
sp|Q9CZX8|RS19_MOUSE,Q9CZX8
sp|Q9CPW4|ARPC5_MOUSE,Q9CPW4
sp|P43276|H15_MOUSE,P43276
sp|Q9JIM1|S29A1_MOUSE,Q9JIM1
sp|Q99LP6|GRPE1_MOUSE,Q99LP6
sp|Q8C1A5|THOP1_MOUSE,Q8C1A5
sp|A2BDX3|MOCS3_MOUSE,A2BDX3
sp|P51855|GSHB_MOUSE,P51855
sp|Q921J2|RHEB_MOUSE,Q921J2
sp|Q93092|TALDO_MOUSE,Q93092
sp|Q8BKX1|BAIP2_MOUSE,Q8BKX1
sp|Q3TZZ7|ESYT2_MOUSE,Q3TZZ7
sp|Q9CZP5|BCS1_MOUSE,Q9CZP5
sp|P57716|NICA_MOUSE,P57716
sp|Q64105|SPRE_MOUSE,Q64105
sp|Q91W90|TXND5_MOUSE,Q91W90
sp|O88712|CTBP1_MOUSE,O88712
sp|P36552|HEM6_MOUSE,P36552
sp|P26443|DHE3_MOUSE,P26443
sp|A2AN08|UBR4_MOUSE,A2AN08
sp|Q64437|ADH7_MOUSE,Q64437
sp|Q9D898|ARP5L_MOUSE,Q9D898
sp|Q9CRT8|XPOT_MOUSE,Q9CRT8
sp|Q6P1B1|XPP1_MOUSE,Q6P1B1
sp|Q9CRC0|VKOR1_MOUSE,Q9CRC0
sp|Q9ERU9|RBP2_MOUSE,Q9ERU9
sp|Q9WV96|T10B_MOUSE,Q9WV96
sp|Q9JIG8|PRAF2_MOUSE,Q9JIG8
sp|Q9D8S4|ORN_MOUSE,Q9D8S4
sp|P14733|LMNB1_MOUSE,P14733
sp|P46471|PRS7_MOUSE,P46471
sp|P50516|VATA_MOUSE,P50516
sp|P21460|CYTC_MOUSE,P21460
sp|O54774|AP3D1_MOUSE,O54774
sp|Q99PV0|PRP8_MOUSE,Q99PV0
sp|Q924C1|XPO5_MOUSE,Q924C1
sp|Q8BWT1|THIM_MOUSE,Q8BWT1
sp|Q9D855|QCR7_MOUSE,Q9D855
sp|Q9CPZ8|COXM1_MOUSE,Q9CPZ8
sp|O08663|MAP2_MOUSE,O08663
sp|P29341|PABP1_MOUSE,P29341
sp|Q91VM5|RMXL1_MOUSE,Q91VM5
sp|Q61879|MYH10_MOUSE,Q61879
sp|O35250|EXOC7_MOUSE,O35250
sp|Q8BMK4|CKAP4_MOUSE,Q8BMK4
sp|P80313|TCPH_MOUSE,P80313
sp|O88448|KLC2_MOUSE,O88448
sp|Q9WUD1|CHIP_MOUSE,Q9WUD1
sp|Q60596|XRCC1_MOUSE,Q60596
sp|Q8BRH0|TMTC3_MOUSE,Q8BRH0
sp|Q99K51|PLST_MOUSE,Q99K51
sp|Q8BGC0|HTSF1_MOUSE,Q8BGC0
sp|P48759|PTX3_MOUSE,P48759
sp|Q8C4Y3|NELFB_MOUSE,Q8C4Y3
sp|P27773|PDIA3_MOUSE,P27773
sp|P60122|RUVB1_MOUSE,P60122
sp|Q9CZR8|EFTS_MOUSE,Q9CZR8
sp|Q9D8T2|GSDMD_MOUSE,Q9D8T2
sp|Q9JII6|AK1A1_MOUSE,Q9JII6
sp|Q99P31|HPBP1_MOUSE,Q99P31
sp|Q9CQF3|CPSF5_MOUSE,Q9CQF3
sp|Q64010|CRK_MOUSE,Q64010
sp|Q811D0|DLG1_MOUSE,Q811D0
sp|P97377|CDK2_MOUSE,P97377
sp|P29391|FRIL1_MOUSE,P29391
sp|O54692|ZW10_MOUSE,O54692
sp|Q61001|LAMA5_MOUSE,Q61001
sp|Q9DAW6|PRP4_MOUSE,Q9DAW6
sp|Q9CZU6|CISY_MOUSE,Q9CZU6
sp|Q3ULJ0|GPD1L_MOUSE,Q3ULJ0
sp|O88447|KLC1_MOUSE,O88447
sp|Q64378|FKBP5_MOUSE,Q64378
sp|Q5SUQ9|CTC1_MOUSE,Q5SUQ9
sp|Q9JLI8|SART3_MOUSE,Q9JLI8
sp|Q60605|MYL6_MOUSE,Q60605
sp|Q9Z2I0|LETM1_MOUSE,Q9Z2I0
sp|Q8K297|GT251_MOUSE,Q8K297
sp|Q9Z2I9|SUCB1_MOUSE,Q9Z2I9
sp|P80315|TCPD_MOUSE,P80315
sp|P97823|LYPA1_MOUSE,P97823
sp|Q9D8U8|SNX5_MOUSE,Q9D8U8
sp|Q99K48|NONO_MOUSE,Q99K48
sp|Q8K411|PREP_MOUSE,Q8K411
sp|Q8CBW3|ABI1_MOUSE,Q8CBW3
sp|Q8BTZ7|GMPPB_MOUSE,Q8BTZ7
sp|Q8K2A7|INT10_MOUSE,Q8K2A7
sp|Q8BQ30|PPR18_MOUSE,Q8BQ30
sp|Q91VR5|DDX1_MOUSE,Q91VR5
sp|Q8VE22|RT23_MOUSE,Q8VE22
sp|Q9CR67|TMM33_MOUSE,Q9CR67
sp|Q8BVY0|RL1D1_MOUSE,Q8BVY0
sp|Q9EQK5|MVP_MOUSE,Q9EQK5
sp|Q9WTK5|NFKB2_MOUSE,Q9WTK5
sp|Q8K2T1|NMRL1_MOUSE,Q8K2T1
sp|Q6ZPU9|KBP_MOUSE,Q6ZPU9
sp|Q99KB8|GLO2_MOUSE,Q99KB8
sp|P07901|HS90A_MOUSE,P07901
sp|O55106|STRN_MOUSE,O55106
sp|O88384|VTI1B_MOUSE,O88384
sp|O35405|PLD3_MOUSE,O35405
sp|Q9DC23|DJC10_MOUSE,Q9DC23
sp|Q6PDH0|PHLB1_MOUSE,Q6PDH0
sp|Q8BMA6|SRP68_MOUSE,Q8BMA6
sp|P29416|HEXA_MOUSE,P29416
sp|Q99KY4|GAK_MOUSE,Q99KY4
sp|O35639|ANXA3_MOUSE,O35639
sp|Q02257|PLAK_MOUSE,Q02257
sp|Q8BP47|SYNC_MOUSE,Q8BP47
sp|Q9D0L7|ARM10_MOUSE,Q9D0L7
sp|Q8CG48|SMC2_MOUSE,Q8CG48
sp|Q61543|GSLG1_MOUSE,Q61543
sp|Q8BGQ7|SYAC_MOUSE,Q8BGQ7
sp|Q921G7|ETFD_MOUSE,Q921G7
sp|P59328|WDHD1_MOUSE,P59328
sp|Q6PDG5|SMRC2_MOUSE,Q6PDG5
sp|Q9DBJ1|PGAM1_MOUSE,Q9DBJ1
sp|P11438|LAMP1_MOUSE,P11438
sp|Q61074|PPM1G_MOUSE,Q61074
sp|Q9CSU0|RPR1B_MOUSE,Q9CSU0
sp|Q99LD8|DDAH2_MOUSE,Q99LD8
sp|Q8BYU6|TOIP2_MOUSE,Q8BYU6
sp|Q3UJB9|EDC4_MOUSE,Q3UJB9
sp|Q810A7|DDX42_MOUSE,Q810A7
sp|O35691|PININ_MOUSE,O35691
sp|P80317|TCPZ_MOUSE,P80317
sp|Q8VCF0|MAVS_MOUSE,Q8VCF0
sp|P26040|EZRI_MOUSE,P26040
sp|Q8VHR5|P66B_MOUSE,Q8VHR5
sp|Q9CPN8|IF2B3_MOUSE,Q9CPN8
sp|Q9JKF1|IQGA1_MOUSE,Q9JKF1
sp|P62334|PRS10_MOUSE,P62334
sp|P59017|B2L13_MOUSE,P59017
sp|Q8CG76|ARK72_MOUSE,Q8CG76
sp|P17426|AP2A1_MOUSE,P17426
sp|Q9WV91|FPRP_MOUSE,Q9WV91
sp|Q9DC37|MFSD1_MOUSE,Q9DC37
sp|P50431|GLYC_MOUSE,P50431
sp|Q8VDF2|UHRF1_MOUSE,Q8VDF2
sp|Q62165|DAG1_MOUSE,Q62165
sp|Q80TL7|MON2_MOUSE,Q80TL7
sp|Q7TPM1|PRC2B_MOUSE,Q7TPM1
sp|Q99NB8|UBQL4_MOUSE,Q99NB8
sp|Q6P5B0|RRP12_MOUSE,Q6P5B0
sp|Q9CWK8|SNX2_MOUSE,Q9CWK8
sp|Q91VI7|RINI_MOUSE,Q91VI7
sp|Q922H2|PDK3_MOUSE,Q922H2
sp|Q8BFP9|PDK1_MOUSE,Q8BFP9
sp|Q9JHW4|SELB_MOUSE,Q9JHW4
sp|O08848|RO60_MOUSE,O08848
sp|Q9WVJ2|PSD13_MOUSE,Q9WVJ2
sp|P28658|ATX10_MOUSE,P28658
sp|Q920L1|FADS1_MOUSE,Q920L1
sp|Q6P069|SORCN_MOUSE,Q6P069
sp|Q9DBZ5|EIF3K_MOUSE,Q9DBZ5
sp|Q91VE6|MK67I_MOUSE,Q91VE6
sp|Q9JI75|NQO2_MOUSE,Q9JI75
sp|Q8BG81|PDIP3_MOUSE,Q8BG81
sp|Q99KE1|MAOM_MOUSE,Q99KE1
sp|Q8BX02|KANK2_MOUSE,Q8BX02
sp|P68372|TBB4B_MOUSE,P68372
sp|Q7TMM9|TBB2A_MOUSE,Q7TMM9
sp|Q9WUA2|SYFB_MOUSE,Q9WUA2
sp|P14131|RS16_MOUSE,P14131
sp|Q6Q899|DDX58_MOUSE,Q6Q899
sp|Q9QXT0|CNPY2_MOUSE,Q9QXT0
sp|O88207|CO5A1_MOUSE,O88207
sp|Q8C3I8|HGH1_MOUSE,Q8C3I8
sp|Q9JK81|MYG1_MOUSE,Q9JK81
sp|Q8C3X4|GUF1_MOUSE,Q8C3X4
sp|P47857|PFKAM_MOUSE,P47857
sp|Q99LX0|PARK7_MOUSE,Q99LX0
sp|Q99J99|THTM_MOUSE,Q99J99
sp|Q9JLV5|CUL3_MOUSE,Q9JLV5
sp|Q3U1J4|DDB1_MOUSE,Q3U1J4
sp|E9Q7D5|ARHG5_MOUSE,E9Q7D5
sp|O35286|DHX15_MOUSE,O35286
sp|Q8CGA0|PPM1F_MOUSE,Q8CGA0
sp|Q5SUR0|PUR4_MOUSE,Q5SUR0
sp|P11881|ITPR1_MOUSE,P11881
sp|Q62419|SH3G1_MOUSE,Q62419
sp|Q920E5|FPPS_MOUSE,Q920E5
sp|Q62422|OSTF1_MOUSE,Q62422
sp|P49817|CAV1_MOUSE,P49817
sp|P55012|S12A2_MOUSE,P55012
sp|Q6ZQM8|UD17_MOUSE,Q6ZQM8
sp|O55029|COPB2_MOUSE,O55029
sp|Q64478|H2B1H_MOUSE,Q64478
sp|P83940|ELOC_MOUSE,P83940
sp|O89086|RBM3_MOUSE,O89086
sp|P38647|GRP75_MOUSE,P38647
sp|P26369|U2AF2_MOUSE,P26369
sp|Q62418|DBNL_MOUSE,Q62418
sp|Q61024|ASNS_MOUSE,Q61024
sp|Q9WTP6|KAD2_MOUSE,Q9WTP6
sp|Q3UZ39|LRRF1_MOUSE,Q3UZ39
sp|O55143|AT2A2_MOUSE,O55143
sp|P21278|GNA11_MOUSE,P21278
sp|P35550|FBRL_MOUSE,P35550
sp|O88851|RBBP9_MOUSE,O88851
sp|Q9CXF4|TBC15_MOUSE,Q9CXF4
sp|Q9D7X3|DUS3_MOUSE,Q9D7X3
sp|Q3UHX2|HAP28_MOUSE,Q3UHX2
sp|Q9Z0U1|ZO2_MOUSE,Q9Z0U1
sp|P09242|PPBT_MOUSE,P09242
sp|Q922J3|CLIP1_MOUSE,Q922J3
sp|Q60598|SRC8_MOUSE,Q60598
sp|Q00PI9|HNRL2_MOUSE,Q00PI9
sp|Q60715|P4HA1_MOUSE,Q60715
sp|P61087|UBE2K_MOUSE,P61087
sp|P46935|NEDD4_MOUSE,P46935
sp|P61027|RAB10_MOUSE,P61027
sp|P55258|RAB8A_MOUSE,P55258
sp|Q6NS46|RRP5_MOUSE,Q6NS46
sp|Q99KC8|VMA5A_MOUSE,Q99KC8
sp|O08547|SC22B_MOUSE,O08547
sp|P24549|AL1A1_MOUSE,P24549
sp|P03899|NU3M_MOUSE,P03899
sp|O70305|ATX2_MOUSE,O70305
sp|Q6P4T2|U520_MOUSE,Q6P4T2
sp|Q8CI51|PDLI5_MOUSE,Q8CI51
sp|P20060|HEXB_MOUSE,P20060
sp|Q9CWJ9|PUR9_MOUSE,Q9CWJ9
sp|Q9DCX2|ATP5H_MOUSE,Q9DCX2
sp|Q91ZW3|SMCA5_MOUSE,Q91ZW3
sp|Q0P678|ZCH18_MOUSE,Q0P678
sp|O54931|AKAP2_MOUSE,O54931
sp|Q9DCN2|NB5R3_MOUSE,Q9DCN2
sp|Q8R2Y8|PTH2_MOUSE,Q8R2Y8
sp|Q91ZN5|S35B2_MOUSE,Q91ZN5
sp|Q91ZE0|TMLH_MOUSE,Q91ZE0
sp|P24788|CD11B_MOUSE,P24788
sp|Q3TC93|H1BP3_MOUSE,Q3TC93
sp|P70255|NFIC_MOUSE,P70255
sp|P83741|WNK1_MOUSE,P83741
sp|Q03265|ATPA_MOUSE,Q03265
sp|Q9R099|TBL2_MOUSE,Q9R099
sp|Q61656|DDX5_MOUSE,Q61656
sp|P11276|FINC_MOUSE,P11276
sp|Q9CQH7|BT3L4_MOUSE,Q9CQH7
sp|Q64152|BTF3_MOUSE,Q64152
sp|P97371|PSME1_MOUSE,P97371
sp|Q9CQR6|PPP6_MOUSE,Q9CQR6
sp|Q91V76|CK054_MOUSE,Q91V76
sp|P16460|ASSY_MOUSE,P16460
sp|Q04207|TF65_MOUSE,Q04207
sp|Q6ZQ08|CNOT1_MOUSE,Q6ZQ08
sp|P30285|CDK4_MOUSE,P30285
sp|Q9D7S9|CHMP5_MOUSE,Q9D7S9
sp|P13808|B3A2_MOUSE,P13808
sp|O89079|COPE_MOUSE,O89079
sp|Q8VEK3|HNRPU_MOUSE,Q8VEK3
sp|P62192|PRS4_MOUSE,P62192
sp|P97792|CXAR_MOUSE,P97792
sp|Q9CZD3|GARS_MOUSE,Q9CZD3
sp|Q8BT60|CPNE3_MOUSE,Q8BT60
sp|O88685|PRS6A_MOUSE,O88685
sp|Q9CPQ8|ATP5L_MOUSE,Q9CPQ8
sp|Q8BJW6|EIF2A_MOUSE,Q8BJW6
sp|P10711|TCEA1_MOUSE,P10711
sp|Q03173|ENAH_MOUSE,Q03173
sp|P11157|RIR2_MOUSE,P11157
sp|Q8K2K6|AGFG1_MOUSE,Q8K2K6
sp|P97379|G3BP2_MOUSE,P97379
sp|A2AJI0|MA7D1_MOUSE,A2AJI0
sp|Q9D1E6|TBCB_MOUSE,Q9D1E6
sp|P47915|RL29_MOUSE,P47915
sp|P08113|ENPL_MOUSE,P08113
sp|Q7TMY8|HUWE1_MOUSE,Q7TMY8
sp|Q05860|FMN1_MOUSE,Q05860
sp|P97461|RS5_MOUSE,P97461
sp|Q9CQ48|NUDC2_MOUSE,Q9CQ48
sp|Q3U7R1|ESYT1_MOUSE,Q3U7R1
sp|P51174|ACADL_MOUSE,P51174
sp|Q3ULD5|MCCB_MOUSE,Q3ULD5
sp|Q9JHI5|IVD_MOUSE,Q9JHI5
sp|Q9JIQ3|DBLOH_MOUSE,Q9JIQ3
sp|P70290|EM55_MOUSE,P70290
sp|O35129|PHB2_MOUSE,O35129
sp|Q08288|LYAR_MOUSE,Q08288
sp|Q9D8X2|CC124_MOUSE,Q9D8X2
sp|P14602|HSPB1_MOUSE,P14602
sp|B2RY56|RBM25_MOUSE,B2RY56
sp|P42567|EPS15_MOUSE,P42567
sp|Q6R891|NEB2_MOUSE,Q6R891
sp|Q60902|EP15R_MOUSE,Q60902
sp|P23249|MOV10_MOUSE,P23249
sp|Q9JMA1|UBP14_MOUSE,Q9JMA1
sp|Q9QXB9|DRG2_MOUSE,Q9QXB9
sp|Q91WG2|RABE2_MOUSE,Q91WG2
sp|Q9R1P4|PSA1_MOUSE,Q9R1P4
sp|Q9CYZ6|REX1B_MOUSE,Q9CYZ6
sp|Q9CQQ7|AT5F1_MOUSE,Q9CQQ7
sp|Q08024|PEBB_MOUSE,Q08024
sp|O35609|SCAM3_MOUSE,O35609
sp|O08917|FLOT1_MOUSE,O08917
sp|Q9D3D9|ATPD_MOUSE,Q9D3D9
sp|Q9CZC8|SCRN1_MOUSE,Q9CZC8
sp|Q8BLN5|LSS_MOUSE,Q8BLN5
sp|P70349|HINT1_MOUSE,P70349
sp|Q8C2E7|WASC5_MOUSE,Q8C2E7
sp|O88522|NEMO_MOUSE,O88522
sp|P42227|STAT3_MOUSE,P42227
sp|Q9D554|SF3A3_MOUSE,Q9D554
sp|P17879|HS71B_MOUSE,P17879
sp|P63017|HSP7C_MOUSE,P63017
sp|P07091|S10A4_MOUSE,P07091
sp|P20152|VIME_MOUSE,P20152
sp|Q62393|TPD52_MOUSE,Q62393
sp|Q9ESP1|SDF2L_MOUSE,Q9ESP1
sp|P54823|DDX6_MOUSE,P54823
sp|Q6P8I4|PCNP_MOUSE,Q6P8I4
sp|Q8BMF4|ODP2_MOUSE,Q8BMF4
sp|Q91V64|ISOC1_MOUSE,Q91V64
sp|Q9CYL5|GAPR1_MOUSE,Q9CYL5
sp|P97434|MPRIP_MOUSE,P97434
sp|Q61191|HCFC1_MOUSE,Q61191
sp|Q9CYG7|TOM34_MOUSE,Q9CYG7
sp|Q9Z1G3|VATC1_MOUSE,Q9Z1G3
sp|Q05186|RCN1_MOUSE,Q05186
sp|Q9D0R4|DDX56_MOUSE,Q9D0R4
sp|O88545|CSN6_MOUSE,O88545
sp|P32921|SYWC_MOUSE,P32921
sp|P46061|RAGP1_MOUSE,P46061
sp|P84091|AP2M1_MOUSE,P84091
sp|Q7TQH0|ATX2L_MOUSE,Q7TQH0
sp|Q9Z0H3|SNF5_MOUSE,Q9Z0H3
sp|O55135|IF6_MOUSE,O55135
sp|Q9WTI7|MYO1C_MOUSE,Q9WTI7
sp|P54728|RD23B_MOUSE,P54728
sp|Q3UIR3|DTX3L_MOUSE,Q3UIR3
sp|Q06890|CLUS_MOUSE,Q06890
sp|Q61171|PRDX2_MOUSE,Q61171
sp|O08734|BAK_MOUSE,O08734
sp|Q9EPJ9|ARFG1_MOUSE,Q9EPJ9
sp|Q9D1F4|AKTS1_MOUSE,Q9D1F4
sp|Q9DBC7|KAP0_MOUSE,Q9DBC7
sp|Q14C51|PTCD3_MOUSE,Q14C51
sp|P18760|COF1_MOUSE,P18760
sp|Q3UDE2|TTL12_MOUSE,Q3UDE2
sp|P45591|COF2_MOUSE,P45591
sp|P45376|ALDR_MOUSE,P45376
sp|Q3TIR3|RIC8A_MOUSE,Q3TIR3
sp|Q9Z2K1|K1C16_MOUSE,Q9Z2K1
sp|Q61187|TS101_MOUSE,Q61187
sp|Q8K3C0|RNK_MOUSE,Q8K3C0
sp|Q8R081|HNRPL_MOUSE,Q8R081
sp|P98078|DAB2_MOUSE,P98078
sp|Q9D7B7|GPX8_MOUSE,Q9D7B7
sp|Q99K85|SERC_MOUSE,Q99K85
sp|Q8CIE6|COPA_MOUSE,Q8CIE6
sp|Q7TSC1|PRC2A_MOUSE,Q7TSC1
sp|Q9ET22|DPP2_MOUSE,Q9ET22
sp|Q91ZU6|DYST_MOUSE,Q91ZU6
sp|Q61576|FKB10_MOUSE,Q61576
sp|P58404|STRN4_MOUSE,P58404
sp|Q9D379|HYEP_MOUSE,Q9D379
sp|Q8K1S3|UNC5B_MOUSE,Q8K1S3
sp|P27661|H2AX_MOUSE,P27661
sp|Q9CR86|CHSP1_MOUSE,Q9CR86
sp|Q9CR51|VATG1_MOUSE,Q9CR51
sp|Q9WV32|ARC1B_MOUSE,Q9WV32
sp|Q8JZK9|HMCS1_MOUSE,Q8JZK9
sp|Q9R0A0|PEX14_MOUSE,Q9R0A0
sp|Q91YQ5|RPN1_MOUSE,Q91YQ5
sp|P57759|ERP29_MOUSE,P57759
sp|P35505|FAAA_MOUSE,P35505
sp|Q61029|LAP2B_MOUSE,Q61029
sp|Q9ERG0|LIMA1_MOUSE,Q9ERG0
sp|Q9CQE5|RGS10_MOUSE,Q9CQE5
sp|Q07417|ACADS_MOUSE,Q07417
sp|Q8R0F6|ILKAP_MOUSE,Q8R0F6
sp|Q9Z2X2|PSD10_MOUSE,Q9Z2X2
sp|Q8R4R6|NUP35_MOUSE,Q8R4R6
sp|Q99KJ8|DCTN2_MOUSE,Q99KJ8
sp|O70475|UGDH_MOUSE,O70475
sp|Q9CXW3|CYBP_MOUSE,Q9CXW3
sp|P70245|EBP_MOUSE,P70245
sp|Q9CY62|RN181_MOUSE,Q9CY62
sp|P28654|PGS2_MOUSE,P28654
sp|Q9JHW2|NIT2_MOUSE,Q9JHW2
sp|O70551|SRPK1_MOUSE,O70551
sp|Q9R233|TPSN_MOUSE,Q9R233
sp|Q60631|GRB2_MOUSE,Q60631
sp|P42125|ECI1_MOUSE,P42125
sp|Q8BHL5|ELMO2_MOUSE,Q8BHL5
sp|Q9CQ62|DECR_MOUSE,Q9CQ62
sp|Q8VEE4|RFA1_MOUSE,Q8VEE4
sp|O55234|PSB5_MOUSE,O55234
sp|P28063|PSB8_MOUSE,P28063
sp|Q9JI11|STK4_MOUSE,Q9JI11
sp|O35566|CD151_MOUSE,O35566
sp|Q9R1P0|PSA4_MOUSE,Q9R1P0
sp|P54071|IDHP_MOUSE,P54071
sp|O88844|IDHC_MOUSE,O88844
sp|Q9CQJ6|DENR_MOUSE,Q9CQJ6
sp|Q6ZPE2|MTMR5_MOUSE,Q6ZPE2
sp|Q8K1J6|TRNT1_MOUSE,Q8K1J6
sp|O54724|CAVN1_MOUSE,O54724
sp|P70195|PSB7_MOUSE,P70195
sp|P70333|HNRH2_MOUSE,P70333
sp|O35737|HNRH1_MOUSE,O35737
sp|Q4KMM3|OXR1_MOUSE,Q4KMM3
sp|Q64213|SF01_MOUSE,Q64213
sp|Q9EQC5|SCYL1_MOUSE,Q9EQC5
sp|Q62189|SNRPA_MOUSE,Q62189
sp|P51150|RAB7A_MOUSE,P51150
sp|Q9Z0S9|PRAF1_MOUSE,Q9Z0S9
sp|Q8BJF9|CHM2B_MOUSE,Q8BJF9
sp|Q8VCN5|CGL_MOUSE,Q8VCN5
sp|Q8VDD8|WASH1_MOUSE,Q8VDD8
sp|Q99MN1|SYK_MOUSE,Q99MN1
sp|Q9D0I8|MRT4_MOUSE,Q9D0I8
sp|Q9WU78|PDC6I_MOUSE,Q9WU78
sp|P57776|EF1D_MOUSE,P57776
sp|Q9D1H8|RM53_MOUSE,Q9D1H8
sp|P52825|CPT2_MOUSE,P52825
sp|P56399|UBP5_MOUSE,P56399
sp|Q9CQX2|CYB5B_MOUSE,Q9CQX2
sp|O70318|E41L2_MOUSE,O70318
sp|P60843|IF4A1_MOUSE,P60843
sp|Q76LS9|MINY1_MOUSE,Q76LS9
sp|Q8VBZ3|CLPT1_MOUSE,Q8VBZ3
sp|Q3THE2|ML12B_MOUSE,Q3THE2
sp|Q9D6K7|TTC33_MOUSE,Q9D6K7
sp|Q8VCH8|UBXN4_MOUSE,Q8VCH8
sp|Q99J36|THUM1_MOUSE,Q99J36
sp|P19324|SERPH_MOUSE,P19324
sp|Q9QZ06|TOLIP_MOUSE,Q9QZ06
sp|Q5SUF2|LC7L3_MOUSE,Q5SUF2
sp|P63073|IF4E_MOUSE,P63073
sp|Q8BFY9|TNPO1_MOUSE,Q8BFY9
sp|Q9CQ71|RFA3_MOUSE,Q9CQ71
sp|Q922Q8|LRC59_MOUSE,Q922Q8
sp|Q8CGU1|CACO1_MOUSE,Q8CGU1
sp|Q99KP6|PRP19_MOUSE,Q99KP6
sp|Q80XU3|NUCKS_MOUSE,Q80XU3
sp|P61982|1433G_MOUSE,P61982
sp|Q3UPL0|SC31A_MOUSE,Q3UPL0
sp|Q7TSJ2|MAP6_MOUSE,Q7TSJ2
sp|P16332|MUTA_MOUSE,P16332
sp|Q9DB77|QCR2_MOUSE,Q9DB77
sp|Q9DBY8|NVL_MOUSE,Q9DBY8
sp|P51660|DHB4_MOUSE,P51660
sp|Q8N9S3|AHSA2_MOUSE,Q8N9S3
sp|O35593|PSDE_MOUSE,O35593
sp|P05213|TBA1B_MOUSE,P05213
sp|Q8CAQ8|MIC60_MOUSE,Q8CAQ8
sp|Q8CCP0|NEMF_MOUSE,Q8CCP0
sp|P62918|RL8_MOUSE,P62918
sp|O35963|RB33B_MOUSE,O35963
sp|P53026|RL10A_MOUSE,P53026
sp|Q99JF8|PSIP1_MOUSE,Q99JF8
sp|P39749|FEN1_MOUSE,P39749
sp|Q6ZWQ0|SYNE2_MOUSE,Q6ZWQ0
sp|O35114|SCRB2_MOUSE,O35114
sp|Q64442|DHSO_MOUSE,Q64442
sp|Q9QXK7|CPSF3_MOUSE,Q9QXK7
sp|Q8BU14|SEC62_MOUSE,Q8BU14
sp|P40142|TKT_MOUSE,P40142
sp|P62915|TF2B_MOUSE,P62915
sp|Q9D706|RPAP3_MOUSE,Q9D706
sp|Q9D7A6|SRP19_MOUSE,Q9D7A6
sp|O70435|PSA3_MOUSE,O70435
sp|Q8C8U0|LIPB1_MOUSE,Q8C8U0
sp|P58281|OPA1_MOUSE,P58281
sp|P47856|GFPT1_MOUSE,P47856
sp|Q9CQF0|RM11_MOUSE,Q9CQF0
sp|Q9D1A2|CNDP2_MOUSE,Q9D1A2
sp|P68368|TBA4A_MOUSE,P68368
sp|Q8VHI3|OFUT2_MOUSE,Q8VHI3
sp|Q9DC53|CPNE8_MOUSE,Q9DC53
sp|Q6P5F9|XPO1_MOUSE,Q6P5F9
sp|Q91XD6|VPS36_MOUSE,Q91XD6
sp|Q9JLZ3|AUHM_MOUSE,Q9JLZ3
sp|Q9R020|ZRAB2_MOUSE,Q9R020
sp|Q76MZ3|2AAA_MOUSE,Q76MZ3
sp|Q9Z1M8|RED_MOUSE,Q9Z1M8
sp|P35951|LDLR_MOUSE,P35951
sp|Q5SW19|CLU_MOUSE,Q5SW19
sp|Q9WV80|SNX1_MOUSE,Q9WV80
sp|O09111|NDUBB_MOUSE,O09111
sp|Q9D883|U2AF1_MOUSE,Q9D883
sp|Q9R0P5|DEST_MOUSE,Q9R0P5
sp|Q922H4|GMPPA_MOUSE,Q922H4
sp|Q9WTP7|KAD3_MOUSE,Q9WTP7
sp|Q8R1F1|NIBA2_MOUSE,Q8R1F1
sp|P28271|ACOHC_MOUSE,P28271
sp|Q9Z2V5|HDAC6_MOUSE,Q9Z2V5
sp|Q9D071|MMS19_MOUSE,Q9D071
sp|P63001|RAC1_MOUSE,P63001
sp|Q9R1J0|NSDHL_MOUSE,Q9R1J0
sp|P70362|UFD1_MOUSE,P70362
sp|Q99LB6|MAT2B_MOUSE,Q99LB6
sp|Q9WTM5|RUVB2_MOUSE,Q9WTM5
sp|P83887|TBG1_MOUSE,P83887
sp|P97770|THUM3_MOUSE,P97770
sp|P70398|USP9X_MOUSE,P70398
sp|Q01405|SC23A_MOUSE,Q01405
sp|P84096|RHOG_MOUSE,P84096
sp|Q61072|ADAM9_MOUSE,Q61072
sp|Q9D903|EBP2_MOUSE,Q9D903
sp|Q640N1|AEBP1_MOUSE,Q640N1
sp|Q8BMG7|RBGPR_MOUSE,Q8BMG7
sp|Q61166|MARE1_MOUSE,Q61166
sp|Q99KQ4|NAMPT_MOUSE,Q99KQ4
sp|Q8VDM4|PSMD2_MOUSE,Q8VDM4
sp|Q9WV55|VAPA_MOUSE,Q9WV55
sp|Q99K01|PDXD1_MOUSE,Q99K01
sp|Q9JK48|SHLB1_MOUSE,Q9JK48
sp|Q9CWZ7|SNAG_MOUSE,Q9CWZ7
sp|Q8CIB5|FERM2_MOUSE,Q8CIB5
sp|Q9Z1X4|ILF3_MOUSE,Q9Z1X4
sp|Q9D0B6|PBDC1_MOUSE,Q9D0B6
sp|Q9JKP5|MBNL1_MOUSE,Q9JKP5
sp|Q9D710|TMX2_MOUSE,Q9D710
sp|O08997|ATOX1_MOUSE,O08997
sp|Q91VD9|NDUS1_MOUSE,Q91VD9
sp|P68510|1433F_MOUSE,P68510
sp|P68254|1433T_MOUSE,P68254
sp|P80316|TCPE_MOUSE,P80316
sp|Q91ZW2|OFUT1_MOUSE,Q91ZW2
sp|Q8CFE2|HPF1_MOUSE,Q8CFE2
sp|Q8JZX4|SPF45_MOUSE,Q8JZX4
sp|Q9D5V5|CUL5_MOUSE,Q9D5V5
sp|P62814|VATB2_MOUSE,P62814
sp|O35459|ECH1_MOUSE,O35459
sp|P08752|GNAI2_MOUSE,P08752
sp|Q9DBG3|AP2B1_MOUSE,Q9DBG3
sp|Q91WN1|DNJC9_MOUSE,Q91WN1
sp|Q9R0M4|PODXL_MOUSE,Q9R0M4
sp|Q8R5J9|PRAF3_MOUSE,Q8R5J9
sp|Q8BHB4|WDR3_MOUSE,Q8BHB4
sp|Q9JIK9|RT34_MOUSE,Q9JIK9
sp|Q62446|FKBP3_MOUSE,Q62446
sp|O35640|ANXA8_MOUSE,O35640
sp|Q8VHE0|SEC63_MOUSE,Q8VHE0
sp|P53994|RAB2A_MOUSE,P53994
sp|P53702|CCHL_MOUSE,P53702
sp|Q8R050|ERF3A_MOUSE,Q8R050
sp|Q8BMJ3|IF1AX_MOUSE,Q8BMJ3
sp|Q9ERG2|STRN3_MOUSE,Q9ERG2
sp|Q8BH74|NU107_MOUSE,Q8BH74
sp|P01902|HA1D_MOUSE,P01902
sp|Q99P72|RTN4_MOUSE,Q99P72
sp|Q6Y7W8|GGYF2_MOUSE,Q6Y7W8
sp|Q9JM76|ARPC3_MOUSE,Q9JM76
sp|Q99KW3|TARA_MOUSE,Q99KW3
sp|Q9CRD2|EMC2_MOUSE,Q9CRD2
sp|Q9DBJ3|BI2L1_MOUSE,Q9DBJ3
sp|O54962|BAF_MOUSE,O54962
sp|P28301|LYOX_MOUSE,P28301
sp|Q91VH6|MEMO1_MOUSE,Q91VH6
sp|P18406|CCN1_MOUSE,P18406
sp|P02802|MT1_MOUSE,P02802
sp|P28656|NP1L1_MOUSE,P28656
sp|Q08093|CNN2_MOUSE,Q08093
sp|Q9Z1Z0|USO1_MOUSE,Q9Z1Z0
sp|Q8R1Q8|DC1L1_MOUSE,Q8R1Q8
sp|P09055|ITB1_MOUSE,P09055
sp|Q99JI6|RAP1B_MOUSE,Q99JI6
sp|Q921E2|RAB31_MOUSE,Q921E2
sp|Q9JLJ5|ELOV1_MOUSE,Q9JLJ5
sp|Q9JMH6|TRXR1_MOUSE,Q9JMH6
sp|Q8R5M8|CADM1_MOUSE,Q8R5M8
sp|P62737|ACTA_MOUSE,P62737
sp|Q9ESL4|M3K20_MOUSE,Q9ESL4
sp|P70227|ITPR3_MOUSE,P70227
sp|Q8BK64|AHSA1_MOUSE,Q8BK64
sp|A2AR02|PPIG_MOUSE,A2AR02
sp|P97314|CSRP2_MOUSE,P97314
sp|P51125|ICAL_MOUSE,P51125
sp|P62245|RS15A_MOUSE,P62245
sp|Q9CWR7|STEA1_MOUSE,Q9CWR7
sp|P46664|PURA2_MOUSE,P46664
sp|P61161|ARP2_MOUSE,P61161
sp|P97372|PSME2_MOUSE,P97372
sp|O88543|CSN3_MOUSE,O88543
sp|P50543|S10AB_MOUSE,P50543
sp|P27048|RSMB_MOUSE,P27048
sp|P97798|NEO1_MOUSE,P97798
sp|Q9JIF7|COPB_MOUSE,Q9JIF7
sp|P15626|GSTM2_MOUSE,P15626
sp|Q8BGD8|COA6_MOUSE,Q8BGD8
sp|Q8R1B4|EIF3C_MOUSE,Q8R1B4
sp|Q9R1P3|PSB2_MOUSE,Q9R1P3
sp|P70698|PYRG1_MOUSE,P70698
sp|P30558|PAR1_MOUSE,P30558
sp|Q3UGS4|MCRI1_MOUSE,Q3UGS4
sp|P10639|THIO_MOUSE,P10639
sp|Q922Q4|P5CR2_MOUSE,Q922Q4
sp|P97376|FRG1_MOUSE,P97376
sp|P29699|FETUA_MOUSE,P29699
sp|P62307|RUXF_MOUSE,P62307
sp|P10404|ENV1_MOUSE,P10404
sp|Q62523|ZYX_MOUSE,Q62523
sp|Q60931|VDAC3_MOUSE,Q60931
sp|O70554|SPR2B_MOUSE,O70554
sp|P97822|AN32E_MOUSE,P97822
sp|P23198|CBX3_MOUSE,P23198
sp|P83917|CBX1_MOUSE,P83917
sp|Q3ULW8|PARP3_MOUSE,Q3ULW8
sp|O88738|BIRC6_MOUSE,O88738
sp|Q9D6R2|IDH3A_MOUSE,Q9D6R2
sp|Q8BJS4|SUN2_MOUSE,Q8BJS4
sp|Q61881|MCM7_MOUSE,Q61881
sp|P07742|RIR1_MOUSE,P07742
sp|P97315|CSRP1_MOUSE,P97315
sp|P02798|MT2_MOUSE,P02798
sp|Q64337|SQSTM_MOUSE,Q64337
sp|Q8BML1|MICA2_MOUSE,Q8BML1
sp|P47713|PA24A_MOUSE,P47713
sp|Q922D4|PP6R3_MOUSE,Q922D4
sp|Q6PDQ2|CHD4_MOUSE,Q6PDQ2
sp|P35979|RL12_MOUSE,P35979
sp|Q91VH2|SNX9_MOUSE,Q91VH2
sp|P07214|SPRC_MOUSE,P07214
sp|Q501J6|DDX17_MOUSE,Q501J6
sp|O88986|KBL_MOUSE,O88986
sp|Q8BU33|HACL2_MOUSE,Q8BU33
sp|Q8BU03|PWP2_MOUSE,Q8BU03
sp|Q9Z0S1|BPNT1_MOUSE,Q9Z0S1
sp|Q64521|GPDM_MOUSE,Q64521
sp|P10518|HEM2_MOUSE,P10518
sp|Q922Q1|MARC2_MOUSE,Q922Q1
sp|Q9JLV6|PNKP_MOUSE,Q9JLV6
sp|Q8BKG3|PTK7_MOUSE,Q8BKG3
sp|P60766|CDC42_MOUSE,P60766
sp|Q8R016|BLMH_MOUSE,Q8R016
sp|O54950|AAKG1_MOUSE,O54950
sp|Q8CBY8|DCTN4_MOUSE,Q8CBY8
sp|Q8R480|NUP85_MOUSE,Q8R480
sp|Q9D5T0|ATAD1_MOUSE,Q9D5T0
sp|P80314|TCPB_MOUSE,P80314
sp|P53995|APC1_MOUSE,P53995
sp|O35074|PTGIS_MOUSE,O35074
sp|P70168|IMB1_MOUSE,P70168
sp|O35326|SRSF5_MOUSE,O35326
sp|Q3TWW8|SRSF6_MOUSE,Q3TWW8
sp|Q9R0N0|GALK1_MOUSE,Q9R0N0
sp|Q8K1N2|PHLB2_MOUSE,Q8K1N2
sp|Q9D0B0|SRSF9_MOUSE,Q9D0B0
sp|Q9R0U0|SRS10_MOUSE,Q9R0U0
sp|Q6PDM2|SRSF1_MOUSE,Q6PDM2
sp|Q6IFX2|K1C42_MOUSE,Q6IFX2
sp|Q921M7|CYRIB_MOUSE,Q921M7
sp|Q9EPC1|PARVA_MOUSE,Q9EPC1
sp|Q91YR1|TWF1_MOUSE,Q91YR1
sp|Q9ET30|TM9S3_MOUSE,Q9ET30
sp|P10852|4F2_MOUSE,P10852
sp|Q569Z5|DDX46_MOUSE,Q569Z5
sp|P51943|CCNA2_MOUSE,P51943
sp|P17156|HSP72_MOUSE,P17156
sp|Q8BH60|GOPC_MOUSE,Q8BH60
sp|P62331|ARF6_MOUSE,P62331
sp|Q64449|MRC2_MOUSE,Q64449
sp|Q9CXP8|GBG10_MOUSE,Q9CXP8
sp|P62702|RS4X_MOUSE,P62702
sp|P09602|HMGN2_MOUSE,P09602
sp|Q8BW10|NOB1_MOUSE,Q8BW10
sp|Q61599|GDIR2_MOUSE,Q61599
sp|Q9WV54|ASAH1_MOUSE,Q9WV54
sp|Q7TQ95|LNP_MOUSE,Q7TQ95
sp|Q99L45|IF2B_MOUSE,Q99L45
sp|O70378|EMC8_MOUSE,O70378
sp|O35075|VP26C_MOUSE,O35075
sp|Q9WUK4|RFC2_MOUSE,Q9WUK4
sp|P61205|ARF3_MOUSE,P61205
sp|Q8BSL7|ARF2_MOUSE,Q8BSL7
sp|Q91VY9|ZN622_MOUSE,Q91VY9
sp|Q922J9|FACR1_MOUSE,Q922J9
sp|P62806|H4_MOUSE,P62806
sp|O35841|API5_MOUSE,O35841
sp|Q62167|DDX3X_MOUSE,Q62167
sp|Q8CJ69|BMPER_MOUSE,Q8CJ69
sp|Q9Z2F2|OASL2_MOUSE,Q9Z2F2
sp|Q9QZI9|SERC3_MOUSE,Q9QZI9
sp|Q8CH25|SLTM_MOUSE,Q8CH25
sp|P11983|TCPA_MOUSE,P11983
sp|Q9WU28|PFD5_MOUSE,Q9WU28
sp|O35643|AP1B1_MOUSE,O35643
sp|Q6GQT9|NOMO1_MOUSE,Q6GQT9
sp|P24288|BCAT1_MOUSE,P24288
sp|Q9D1C8|VPS28_MOUSE,Q9D1C8
sp|A3KGB4|TBC8B_MOUSE,A3KGB4
sp|Q9CVB6|ARPC2_MOUSE,Q9CVB6
sp|Q9ERE7|MESD_MOUSE,Q9ERE7
sp|P14211|CALR_MOUSE,P14211
sp|P61255|RL26_MOUSE,P61255
sp|Q9CQA3|SDHB_MOUSE,Q9CQA3
sp|Q9WVA4|TAGL2_MOUSE,Q9WVA4
sp|P84102|SERF2_MOUSE,P84102
sp|O55201|SPT5H_MOUSE,O55201
sp|O08579|EMD_MOUSE,O08579
sp|Q9Z0P5|TWF2_MOUSE,Q9Z0P5
sp|Q61550|RAD21_MOUSE,Q61550
sp|P11031|TCP4_MOUSE,P11031
sp|O08709|PRDX6_MOUSE,O08709
sp|P05201|AATC_MOUSE,P05201
sp|Q6A4J8|UBP7_MOUSE,Q6A4J8
sp|Q9WTX5|SKP1_MOUSE,Q9WTX5
sp|Q9D1Q6|ERP44_MOUSE,Q9D1Q6
sp|O08582|GTPB1_MOUSE,O08582
sp|Q08509|EPS8_MOUSE,Q08509
sp|Q8R0G9|NU133_MOUSE,Q8R0G9
sp|Q6IFZ6|K2C1B_MOUSE,Q6IFZ6
sp|Q8R5C5|ACTY_MOUSE,Q8R5C5
sp|P97493|THIOM_MOUSE,P97493
sp|Q63918|CAVN2_MOUSE,Q63918
sp|Q8CGZ0|CHERP_MOUSE,Q8CGZ0
sp|Q8BGE6|ATG4B_MOUSE,Q8BGE6
sp|Q91YW3|DNJC3_MOUSE,Q91YW3
sp|Q61937|NPM_MOUSE,Q61937
sp|Q9CY58|PAIRB_MOUSE,Q9CY58
sp|Q9DBR7|MYPT1_MOUSE,Q9DBR7
sp|P62264|RS14_MOUSE,P62264
sp|Q8BI84|TGO1_MOUSE,Q8BI84
sp|F8VQB6|MYO10_MOUSE,F8VQB6
sp|P47757|CAPZB_MOUSE,P47757
sp|Q8VEK0|CC50A_MOUSE,Q8VEK0
sp|Q6P6L0|FIL1L_MOUSE,Q6P6L0
sp|O55022|PGRC1_MOUSE,O55022
sp|Q8K2F8|LS14A_MOUSE,Q8K2F8
sp|O70400|PDLI1_MOUSE,O70400
sp|Q7TT37|ELP1_MOUSE,Q7TT37
sp|P97855|G3BP1_MOUSE,P97855
sp|Q9Z2C6|UPK1B_MOUSE,Q9Z2C6
sp|Q8R3V5|SHLB2_MOUSE,Q8R3V5
sp|P97470|PP4C_MOUSE,P97470
sp|Q99JY0|ECHB_MOUSE,Q99JY0
sp|Q9QYF1|RDH11_MOUSE,Q9QYF1
sp|P07607|TYSY_MOUSE,P07607
sp|Q9D051|ODPB_MOUSE,Q9D051
sp|Q9JJI8|RL38_MOUSE,Q9JJI8
sp|P24369|PPIB_MOUSE,P24369
sp|O55222|ILK_MOUSE,O55222
sp|Q9QZV9|NXT1_MOUSE,Q9QZV9
sp|Q9ER00|STX12_MOUSE,Q9ER00
sp|Q3TJD7|PDLI7_MOUSE,Q3TJD7
sp|Q9DCT2|NDUS3_MOUSE,Q9DCT2
sp|Q91XC8|DAP1_MOUSE,Q91XC8
sp|P50544|ACADV_MOUSE,P50544
sp|Q921I1|TRFE_MOUSE,Q921I1
sp|Q80YF6|UPK3B_MOUSE,Q80YF6
sp|P11152|LIPL_MOUSE,P11152
sp|Q80UU9|PGRC2_MOUSE,Q80UU9
sp|Q91WK2|EIF3H_MOUSE,Q91WK2
sp|P56135|ATPK_MOUSE,P56135
sp|Q9EPQ7|STAR5_MOUSE,Q9EPQ7
sp|P27612|PLAP_MOUSE,P27612
sp|Q8CI94|PYGB_MOUSE,Q8CI94
sp|Q9CY66|GAR1_MOUSE,Q9CY66
sp|Q3UYV9|NCBP1_MOUSE,Q3UYV9
sp|P37040|NCPR_MOUSE,P37040
sp|P29268|CCN2_MOUSE,P29268
sp|P61759|PFD3_MOUSE,P61759
sp|O35887|CALU_MOUSE,O35887
sp|O35375|NRP2_MOUSE,O35375
sp|Q99MS7|EH1L1_MOUSE,Q99MS7
sp|Q8BY89|CTL2_MOUSE,Q8BY89
sp|Q0KL02|TRIO_MOUSE,Q0KL02
sp|Q922R8|PDIA6_MOUSE,Q922R8
sp|Q9WUZ9|ENTP5_MOUSE,Q9WUZ9
sp|Q91W50|CSDE1_MOUSE,Q91W50
sp|Q8BH79|ANO10_MOUSE,Q8BH79
sp|P13020|GELS_MOUSE,P13020
sp|Q9DC51|GNAI3_MOUSE,Q9DC51
sp|Q9CX34|SGT1_MOUSE,Q9CX34
sp|O35638|STAG2_MOUSE,O35638
sp|P63028|TCTP_MOUSE,P63028
sp|Q99KG3|RBM10_MOUSE,Q99KG3
sp|Q8QZT1|THIL_MOUSE,Q8QZT1
sp|Q91VX2|UBAP2_MOUSE,Q91VX2
sp|P08121|CO3A1_MOUSE,P08121
sp|Q91V01|MBOA5_MOUSE,Q91V01
sp|Q31125|S39A7_MOUSE,Q31125
sp|Q505F5|LRC47_MOUSE,Q505F5
sp|P10126|EF1A1_MOUSE,P10126
sp|Q9QYJ3|DNJB1_MOUSE,Q9QYJ3
sp|P0DOV2|IFI4_MOUSE,P0DOV2
sp|Q80X50|UBP2L_MOUSE,Q80X50
sp|Q9D832|DNJB4_MOUSE,Q9D832
sp|Q60692|PSB6_MOUSE,Q60692
sp|Q3U9G9|LBR_MOUSE,Q3U9G9
sp|Q8C7E7|STBD1_MOUSE,Q8C7E7
sp|P08228|SODC_MOUSE,P08228
sp|Q05CL8|LARP7_MOUSE,Q05CL8
sp|Q9CQE7|ERGI3_MOUSE,Q9CQE7
sp|Q99KI0|ACON_MOUSE,Q99KI0
sp|Q9JK92|HSPB8_MOUSE,Q9JK92
sp|P63037|DNJA1_MOUSE,P63037
sp|Q9CPP0|NPM3_MOUSE,Q9CPP0
sp|Q9DBH5|LMAN2_MOUSE,Q9DBH5
sp|O88342|WDR1_MOUSE,O88342
sp|A2A8L5|PTPRF_MOUSE,A2A8L5
sp|P32233|DRG1_MOUSE,P32233
sp|Q9JJU8|SH3L1_MOUSE,Q9JJU8
sp|Q9D0M5|DYL2_MOUSE,Q9D0M5
sp|Q925I1|ATAD3_MOUSE,Q925I1
sp|Q91YH5|ATLA3_MOUSE,Q91YH5
sp|P70122|SBDS_MOUSE,P70122
sp|P63101|1433Z_MOUSE,P63101
sp|Q8BPB5|FBLN3_MOUSE,Q8BPB5
sp|P70404|IDHG1_MOUSE,P70404
sp|Q9D0F3|LMAN1_MOUSE,Q9D0F3
sp|Q9D6J6|NDUV2_MOUSE,Q9D6J6
sp|P70670|NACAM_MOUSE,P70670
sp|P47962|RL5_MOUSE,P47962
sp|Q9Z2L6|MINP1_MOUSE,Q9Z2L6
sp|Q9CXR1|DHRS7_MOUSE,Q9CXR1
sp|Q9WUR2|ECI2_MOUSE,Q9WUR2
sp|P61082|UBC12_MOUSE,P61082
sp|P35922|FMR1_MOUSE,P35922
sp|Q8BV13|CSN7B_MOUSE,Q8BV13
sp|Q3UDR8|YIPF3_MOUSE,Q3UDR8
sp|P62754|RS6_MOUSE,P62754
sp|Q3TYS2|CYBC1_MOUSE,Q3TYS2
sp|Q9CX56|PSMD8_MOUSE,Q9CX56
sp|Q6PIP5|NUDC1_MOUSE,Q6PIP5
sp|Q9D880|TIM50_MOUSE,Q9D880
sp|P62855|RS26_MOUSE,P62855
sp|Q9Z1K5|ARI1_MOUSE,Q9Z1K5
sp|Q9R190|MTA2_MOUSE,Q9R190
sp|P48722|HS74L_MOUSE,P48722
sp|Q8CI11|GNL3_MOUSE,Q8CI11
sp|Q60967|PAPS1_MOUSE,Q60967
sp|Q8C166|CPNE1_MOUSE,Q8C166
sp|Q8BH97|RCN3_MOUSE,Q8BH97
sp|Q61176|ARGI1_MOUSE,Q61176
sp|Q64133|AOFA_MOUSE,Q64133
sp|Q3TXS7|PSMD1_MOUSE,Q3TXS7
sp|Q9EPE9|AT131_MOUSE,Q9EPE9
sp|Q8R3N6|THOC1_MOUSE,Q8R3N6
sp|P06151|LDHA_MOUSE,P06151
sp|Q8VEH3|ARL8A_MOUSE,Q8VEH3
sp|P61979|HNRPK_MOUSE,P61979
sp|P24452|CAPG_MOUSE,P24452
sp|O08756|HCD2_MOUSE,O08756
sp|Q9JHJ0|TMOD3_MOUSE,Q9JHJ0
sp|Q8K310|MATR3_MOUSE,Q8K310
sp|Q9JIF0|ANM1_MOUSE,Q9JIF0
sp|Q6ZQI3|MLEC_MOUSE,Q6ZQI3
sp|Q9D162|CC167_MOUSE,Q9D162
sp|Q9DBZ1|IKIP_MOUSE,Q9DBZ1
sp|Q9JJX6|P2RX4_MOUSE,Q9JJX6
sp|Q60739|BAG1_MOUSE,Q60739
sp|Q9DCS3|MECR_MOUSE,Q9DCS3
sp|Q8K124|PKHO2_MOUSE,Q8K124
sp|Q9QXX4|CMC2_MOUSE,Q9QXX4
sp|P26516|PSMD7_MOUSE,P26516
sp|Q61598|GDIB_MOUSE,Q61598
sp|P97760|RPB3_MOUSE,P97760
sp|P05132|KAPCA_MOUSE,P05132
sp|Q91YS8|KCC1A_MOUSE,Q91YS8
sp|Q03963|E2AK2_MOUSE,Q03963
sp|P47811|MK14_MOUSE,P47811
sp|Q61466|SMRD1_MOUSE,Q61466
sp|Q8K363|DDX18_MOUSE,Q8K363
sp|Q4VA53|PDS5B_MOUSE,Q4VA53
sp|Q9WUA3|PFKAP_MOUSE,Q9WUA3
sp|Q6ZWY3|RS27L_MOUSE,Q6ZWY3
sp|Q6ZWU9|RS27_MOUSE,Q6ZWU9
sp|Q07076|ANXA7_MOUSE,Q07076
sp|Q9D1D4|TMEDA_MOUSE,Q9D1D4
sp|P00493|HPRT_MOUSE,P00493
sp|Q9ERB0|SNP29_MOUSE,Q9ERB0
sp|Q9CQW2|ARL8B_MOUSE,Q9CQW2
sp|Q9QZQ1|AFAD_MOUSE,Q9QZQ1
sp|Q8K1E0|STX5_MOUSE,Q8K1E0
sp|O35381|AN32A_MOUSE,O35381
sp|Q60766|IRGM1_MOUSE,Q60766
sp|Q9Z130|HNRDL_MOUSE,Q9Z130
sp|Q9Z2W0|DNPEP_MOUSE,Q9Z2W0
sp|P62717|RL18A_MOUSE,P62717
sp|Q9D6H2|IFT25_MOUSE,Q9D6H2
sp|Q60716|P4HA2_MOUSE,Q60716
sp|P68033|ACTC_MOUSE,P68033
sp|P35802|GPM6A_MOUSE,P35802
sp|Q80W54|FACE1_MOUSE,Q80W54
sp|Q01730|RSU1_MOUSE,Q01730
sp|O08553|DPYL2_MOUSE,O08553
sp|P56716|RP1_MOUSE,P56716
sp|Q9CQM9|GLRX3_MOUSE,Q9CQM9
sp|Q64261|CDK6_MOUSE,Q64261
sp|Q80UM3|NAA15_MOUSE,Q80UM3
sp|Q62048|PEA15_MOUSE,Q62048
sp|Q9CQV8|1433B_MOUSE,Q9CQV8
sp|P06745|G6PI_MOUSE,P06745
sp|O70194|EIF3D_MOUSE,O70194
sp|P68181|KAPCB_MOUSE,P68181
sp|Q9CYH6|RRS1_MOUSE,Q9CYH6
sp|B1ARD6|SLFN9_MOUSE,B1ARD6
sp|P63276|RS17_MOUSE,P63276
sp|Q9D1C1|UBE2C_MOUSE,Q9D1C1
sp|Q9DBG5|PLIN3_MOUSE,Q9DBG5
sp|P16675|PPGB_MOUSE,P16675
sp|P29533|VCAM1_MOUSE,P29533
sp|Q9D7R2|PMEPA_MOUSE,Q9D7R2
sp|O89051|ITM2B_MOUSE,O89051
sp|P26638|SYSC_MOUSE,P26638
sp|Q9CY64|BIEA_MOUSE,Q9CY64
sp|Q9QZD9|EIF3I_MOUSE,Q9QZD9
sp|P08207|S10AA_MOUSE,P08207
sp|Q921S7|RM37_MOUSE,Q921S7
sp|Q61189|ICLN_MOUSE,Q61189
sp|Q9CQM5|TXD17_MOUSE,Q9CQM5
sp|O08740|RPB11_MOUSE,O08740
sp|Q8CH18|CCAR1_MOUSE,Q8CH18
sp|Q8K021|SCAM1_MOUSE,Q8K021
sp|P18654|KS6A3_MOUSE,P18654
sp|O89110|CASP8_MOUSE,O89110
sp|Q08189|TGM3_MOUSE,Q08189
sp|Q3THK3|T2FA_MOUSE,Q3THK3
sp|E9Q912|GDS1_MOUSE,E9Q912
sp|Q99KN9|EPN4_MOUSE,Q99KN9
sp|P10605|CATB_MOUSE,P10605
sp|Q58A65|JIP4_MOUSE,Q58A65
sp|Q9DBG6|RPN2_MOUSE,Q9DBG6
sp|Q5SF07|IF2B2_MOUSE,Q5SF07
sp|P55096|ABCD3_MOUSE,P55096
sp|P06797|CATL1_MOUSE,P06797
sp|Q9CXI5|MANF_MOUSE,Q9CXI5
sp|Q64435|UD16_MOUSE,Q64435
sp|Q8R361|RFIP5_MOUSE,Q8R361
sp|Q9ESX5|DKC1_MOUSE,Q9ESX5
sp|A2AF47|DOC11_MOUSE,A2AF47
sp|Q64433|CH10_MOUSE,Q64433
sp|Q80WQ2|VAC14_MOUSE,Q80WQ2
sp|P62301|RS13_MOUSE,P62301
sp|Q9CQB5|CISD2_MOUSE,Q9CQB5
sp|P20352|TF_MOUSE,P20352
sp|P83882|RL36A_MOUSE,P83882
sp|P35282|RAB21_MOUSE,P35282
sp|Q6PFD9|NUP98_MOUSE,Q6PFD9
sp|D3Z7P3|GLSK_MOUSE,D3Z7P3
sp|Q9D0N7|CAF1B_MOUSE,Q9D0N7
sp|Q9QZD8|DIC_MOUSE,Q9QZD8
sp|Q569Z6|TR150_MOUSE,Q569Z6
sp|Q8R1X6|SPART_MOUSE,Q8R1X6
sp|Q9Z247|FKBP9_MOUSE,Q9Z247
sp|Q9R0M6|RAB9A_MOUSE,Q9R0M6
sp|P35279|RAB6A_MOUSE,P35279
sp|Q3UIA2|RHG17_MOUSE,Q3UIA2
sp|Q8BUV3|GEPH_MOUSE,Q8BUV3
sp|Q8BFY6|PEF1_MOUSE,Q8BFY6
sp|Q61686|CBX5_MOUSE,Q61686
sp|Q9DBC3|CMTR1_MOUSE,Q9DBC3
sp|Q3UMB9|WASC4_MOUSE,Q3UMB9
sp|B1AY13|UBP24_MOUSE,B1AY13
sp|Q9JL35|HMGN5_MOUSE,Q9JL35
sp|A2AWA9|RBGP1_MOUSE,A2AWA9
sp|P33609|DPOLA_MOUSE,P33609
sp|Q9Z0K8|VNN1_MOUSE,Q9Z0K8
sp|Q8K1R7|NEK9_MOUSE,Q8K1R7
sp|Q6PGH1|BUD31_MOUSE,Q6PGH1
sp|P32067|LA_MOUSE,P32067
sp|Q9CXZ1|NDUS4_MOUSE,Q9CXZ1
sp|P47758|SRPRB_MOUSE,P47758
sp|Q9DAU1|CNPY3_MOUSE,Q9DAU1
sp|Q9CQY6|UQCC2_MOUSE,Q9CQY6
sp|Q99K43|PRC1_MOUSE,Q99K43
sp|Q9D1K2|VATF_MOUSE,Q9D1K2
sp|Q68FL6|SYMC_MOUSE,Q68FL6
sp|Q8BH04|PCKGM_MOUSE,Q8BH04
sp|Q9D0S9|HINT2_MOUSE,Q9D0S9
sp|Q91VA6|PDIP2_MOUSE,Q91VA6
sp|Q9D0M3|CY1_MOUSE,Q9D0M3
sp|O88643|PAK1_MOUSE,O88643
sp|Q62371|DDR2_MOUSE,Q62371
sp|Q71FD7|FBLI1_MOUSE,Q71FD7
sp|Q9D1M0|SEC13_MOUSE,Q9D1M0
sp|Q922U2|K2C5_MOUSE,Q922U2
sp|Q80Y44|DDX10_MOUSE,Q80Y44
sp|Q9D945|LLPH_MOUSE,Q9D945
sp|Q3TIV5|ZC3HF_MOUSE,Q3TIV5
sp|Q3TUH1|TAM41_MOUSE,Q3TUH1
sp|P61358|RL27_MOUSE,P61358
sp|P97352|S10AD_MOUSE,P97352
sp|P51569|AGAL_MOUSE,P51569
sp|P63323|RS12_MOUSE,P63323
sp|Q5PSV9|MDC1_MOUSE,Q5PSV9
sp|Q6PGB6|NAA50_MOUSE,Q6PGB6
sp|Q9D0Q7|RM45_MOUSE,Q9D0Q7
sp|B9EJ86|OSBL8_MOUSE,B9EJ86
sp|P63087|PP1G_MOUSE,P63087
sp|Q9JJZ4|UB2J1_MOUSE,Q9JJZ4
sp|Q6P8X1|SNX6_MOUSE,Q6P8X1
sp|Q9CQE8|RTRAF_MOUSE,Q9CQE8
sp|Q9R0Q7|TEBP_MOUSE,Q9R0Q7
sp|Q922U1|PRPF3_MOUSE,Q922U1
sp|P47753|CAZA1_MOUSE,P47753
sp|P97384|ANX11_MOUSE,P97384
sp|Q8R146|APEH_MOUSE,Q8R146
sp|Q8CJF7|ELYS_MOUSE,Q8CJF7
sp|Q00547|HMMR_MOUSE,Q00547
sp|Q8QZS1|HIBCH_MOUSE,Q8QZS1
sp|Q8C4J7|TBL3_MOUSE,Q8C4J7
sp|Q80ZK0|RT10_MOUSE,Q80ZK0
sp|Q9EQQ9|OGA_MOUSE,Q9EQQ9
sp|O35900|LSM2_MOUSE,O35900
sp|P07141|CSF1_MOUSE,P07141
sp|Q80Y14|GLRX5_MOUSE,Q80Y14
sp|P35285|RB22A_MOUSE,P35285
sp|Q9CPW7|ZMAT2_MOUSE,Q9CPW7
sp|Q9DBF1|AL7A1_MOUSE,Q9DBF1
sp|P68373|TBA1C_MOUSE,P68373
sp|P68369|TBA1A_MOUSE,P68369
sp|Q5F2E7|NUFP2_MOUSE,Q5F2E7
sp|O55013|TPPC3_MOUSE,O55013
sp|O88569|ROA2_MOUSE,O88569
sp|P49312|ROA1_MOUSE,P49312
sp|P20108|PRDX3_MOUSE,P20108
sp|Q9CPR5|RM15_MOUSE,Q9CPR5
sp|Q921M3|SF3B3_MOUSE,Q921M3
sp|P24547|IMDH2_MOUSE,P24547
sp|Q80U35|ARHGH_MOUSE,Q80U35
sp|Q8K4G5|ABLM1_MOUSE,Q8K4G5
sp|O89017|LGMN_MOUSE,O89017
sp|Q8BVF2|PDCL3_MOUSE,Q8BVF2
sp|Q9D287|SPF27_MOUSE,Q9D287
sp|P47963|RL13_MOUSE,P47963
sp|Q60972|RBBP4_MOUSE,Q60972
sp|P57746|VATD_MOUSE,P57746
sp|Q91X86|TMM98_MOUSE,Q91X86
sp|Q6A0A9|F120A_MOUSE,Q6A0A9
sp|Q9CQV7|TIM14_MOUSE,Q9CQV7
sp|Q8VDC1|FYCO1_MOUSE,Q8VDC1
sp|Q64669|NQO1_MOUSE,Q64669
sp|Q3UY34|CSTOS_MOUSE,Q3UY34
sp|O35343|IMA3_MOUSE,O35343
sp|O35345|IMA7_MOUSE,O35345
sp|Q8R307|VPS18_MOUSE,Q8R307
sp|Q8CHP5|PYM1_MOUSE,Q8CHP5
sp|Q9Z108|STAU1_MOUSE,Q9Z108
sp|Q9Z0E0|NCDN_MOUSE,Q9Z0E0
sp|Q99PG2|OGFR_MOUSE,Q99PG2
sp|P24270|CATA_MOUSE,P24270
sp|Q6NXN1|SZRD1_MOUSE,Q6NXN1
sp|Q6PIU9|YJ005_MOUSE,Q6PIU9
sp|Q924W5|SMC6_MOUSE,Q924W5
sp|Q64373|B2CL1_MOUSE,Q64373
sp|Q99L13|3HIDH_MOUSE,Q99L13
sp|O35143|ATIF1_MOUSE,O35143
sp|P17751|TPIS_MOUSE,P17751
sp|Q9EQ61|PESC_MOUSE,Q9EQ61
sp|Q571I9|A16A1_MOUSE,Q571I9
sp|O09131|GSTO1_MOUSE,O09131
sp|Q9QYI3|DNJC7_MOUSE,Q9QYI3
sp|Q3TC33|CC127_MOUSE,Q3TC33
sp|Q9DB25|ALG5_MOUSE,Q9DB25
sp|Q9JIZ9|PLS3_MOUSE,Q9JIZ9
sp|G5E829|AT2B1_MOUSE,G5E829
sp|P62751|RL23A_MOUSE,P62751
sp|P49586|PCY1A_MOUSE,P49586
sp|Q61792|LASP1_MOUSE,Q61792
sp|Q9Z2I8|SUCB2_MOUSE,Q9Z2I8
sp|Q5SWU9|ACACA_MOUSE,Q5SWU9
sp|Q9CQQ8|LSM7_MOUSE,Q9CQQ8
sp|Q3TEA8|HP1B3_MOUSE,Q3TEA8
sp|P32020|SCP2_MOUSE,P32020
sp|P54775|PRS6B_MOUSE,P54775
sp|P36371|TAP2_MOUSE,P36371
sp|Q9DCM0|ETHE1_MOUSE,Q9DCM0
sp|Q9D8E6|RL4_MOUSE,Q9D8E6
sp|Q62348|TSN_MOUSE,Q62348
sp|Q3UPF5|ZCCHV_MOUSE,Q3UPF5
sp|Q91YT0|NDUV1_MOUSE,Q91YT0
sp|P62830|RL23_MOUSE,P62830
sp|Q8R238|SDSL_MOUSE,Q8R238
sp|Q9CYA0|CREL2_MOUSE,Q9CYA0
sp|Q9R059|FHL3_MOUSE,Q9R059
sp|Q9CQ75|NDUA2_MOUSE,Q9CQ75
sp|P53996|CNBP_MOUSE,P53996
sp|P83870|PHF5A_MOUSE,P83870
sp|Q8R3N1|NOP14_MOUSE,Q8R3N1
sp|Q8CDM8|FHI2A_MOUSE,Q8CDM8
sp|O88271|CFDP1_MOUSE,O88271
sp|Q8CG14|CS1A_MOUSE,Q8CG14
sp|P97863|NFIB_MOUSE,P97863
sp|Q8C0L0|TMX4_MOUSE,Q8C0L0
sp|Q8CDN6|TXNL1_MOUSE,Q8CDN6
sp|Q9CQL7|MOFA1_MOUSE,Q9CQL7
sp|P70677|CASP3_MOUSE,P70677
sp|P53395|ODB2_MOUSE,P53395
sp|A2ADY9|DDI2_MOUSE,A2ADY9
sp|Q8BK72|RT27_MOUSE,Q8BK72
sp|Q9DB73|NB5R1_MOUSE,Q9DB73
sp|P35288|RAB23_MOUSE,P35288
sp|P70451|FER_MOUSE,P70451
sp|Q8C854|MYEF2_MOUSE,Q8C854
sp|Q91VJ2|CAVN3_MOUSE,Q91VJ2
sp|P19536|COX5B_MOUSE,P19536
sp|P97825|JUPI1_MOUSE,P97825
sp|Q8BG05|ROA3_MOUSE,Q8BG05
sp|Q8BGT5|ALAT2_MOUSE,Q8BGT5
sp|Q8R570|SNP47_MOUSE,Q8R570
sp|Q9R257|HEBP1_MOUSE,Q9R257
sp|Q8CJ26|NRADD_MOUSE,Q8CJ26
sp|P40237|CD82_MOUSE,P40237
sp|Q8BKE6|CP20A_MOUSE,Q8BKE6
sp|P63158|HMGB1_MOUSE,P63158
sp|O09005|DEGS1_MOUSE,O09005
sp|Q99LS3|SERB_MOUSE,Q99LS3
sp|P59325|IF5_MOUSE,P59325
sp|Q8VEM8|MPCP_MOUSE,Q8VEM8
sp|O88811|STAM2_MOUSE,O88811
sp|O55242|SGMR1_MOUSE,O55242
sp|Q925B0|PAWR_MOUSE,Q925B0
sp|P45952|ACADM_MOUSE,P45952
sp|Q61207|SAP_MOUSE,Q61207
sp|Q60838|DVL2_MOUSE,Q60838
sp|Q03958|PFD6_MOUSE,Q03958
sp|Q80WJ7|LYRIC_MOUSE,Q80WJ7
sp|P62196|PRS8_MOUSE,P62196
sp|P54731|FAF1_MOUSE,P54731
sp|Q8C7X2|EMC1_MOUSE,Q8C7X2
sp|Q59J78|NDUF2_MOUSE,Q59J78
sp|Q99KR3|LACB2_MOUSE,Q99KR3
sp|P63328|PP2BA_MOUSE,P63328
sp|Q6IRU5|CLCB_MOUSE,Q6IRU5
sp|Q8CIE4|PAR10_MOUSE,Q8CIE4
sp|Q8C9S4|CC186_MOUSE,Q8C9S4
sp|Q99J93|IFM2_MOUSE,Q99J93
sp|Q9CQ86|MIEN1_MOUSE,Q9CQ86
sp|O70325|GPX4_MOUSE,O70325
sp|P62821|RAB1A_MOUSE,P62821
sp|Q9D1G1|RAB1B_MOUSE,Q9D1G1
sp|Q7TNE3|SPAG7_MOUSE,Q7TNE3
sp|Q3UBX0|TM109_MOUSE,Q3UBX0
sp|Q62376|RU17_MOUSE,Q62376
sp|O70439|STX7_MOUSE,O70439
sp|Q9JM13|RABX5_MOUSE,Q9JM13
sp|Q63810|CANB1_MOUSE,Q63810
sp|P21956|MFGM_MOUSE,P21956
sp|Q8CHH9|SEPT8_MOUSE,Q8CHH9
sp|Q91ZJ5|UGPA_MOUSE,Q91ZJ5
sp|Q6PDL0|DC1L2_MOUSE,Q6PDL0
sp|P20664|PRI1_MOUSE,P20664
sp|Q8BX70|VP13C_MOUSE,Q8BX70
sp|P70699|LYAG_MOUSE,P70699
sp|Q80TV8|CLAP1_MOUSE,Q80TV8
sp|P42225|STAT1_MOUSE,P42225
sp|Q9CQT1|MTNA_MOUSE,Q9CQT1
sp|Q8R550|SH3K1_MOUSE,Q8R550
sp|Q7TMB8|CYFP1_MOUSE,Q7TMB8
sp|Q00519|XDH_MOUSE,Q00519
sp|P37913|DNLI1_MOUSE,P37913
sp|P62858|RS28_MOUSE,P62858
sp|P21619|LMNB2_MOUSE,P21619
sp|Q9DCS9|NDUBA_MOUSE,Q9DCS9
sp|Q14AX6|CDK12_MOUSE,Q14AX6
sp|Q9D906|ATG7_MOUSE,Q9D906
sp|Q8BKC5|IPO5_MOUSE,Q8BKC5
sp|Q3UKJ7|SMU1_MOUSE,Q3UKJ7
sp|P60840|ENSA_MOUSE,P60840
sp|P61222|ABCE1_MOUSE,P61222
sp|Q811J3|IREB2_MOUSE,Q811J3
sp|P62983|RS27A_MOUSE,P62983
sp|Q8VDL4|ADPGK_MOUSE,Q8VDL4
sp|Q9WU56|TRUA_MOUSE,Q9WU56
sp|P08775|RPB1_MOUSE,P08775
sp|P17742|PPIA_MOUSE,P17742
sp|Q9R112|SQOR_MOUSE,Q9R112
sp|P05977|MYL1_MOUSE,P05977
sp|Q9Z1W9|STK39_MOUSE,Q9Z1W9
sp|Q9DBT5|AMPD2_MOUSE,Q9DBT5
sp|P17225|PTBP1_MOUSE,P17225
sp|Q8VBW6|ULA1_MOUSE,Q8VBW6
sp|Q8C5L3|CNOT2_MOUSE,Q8C5L3
sp|Q8K2C9|HACD3_MOUSE,Q8K2C9
sp|Q9Z1T1|AP3B1_MOUSE,Q9Z1T1
sp|Q9CQN7|RM41_MOUSE,Q9CQN7
sp|Q8BMD8|SCMC1_MOUSE,Q8BMD8
sp|Q80YV4|PANK4_MOUSE,Q80YV4
sp|Q80YA8|CRUM2_MOUSE,Q80YA8
sp|Q60932|VDAC1_MOUSE,Q60932
sp|P15532|NDKA_MOUSE,P15532
sp|P68433|H31_MOUSE,P68433
sp|Q62313|TGON1_MOUSE,Q62313
sp|O55023|IMPA1_MOUSE,O55023
sp|Q3U2C5|RN149_MOUSE,Q3U2C5
sp|Q9D8N2|DEN10_MOUSE,Q9D8N2
sp|Q91Z67|SRGP2_MOUSE,Q91Z67
sp|Q80U93|NU214_MOUSE,Q80U93
sp|G5E870|TRIPC_MOUSE,G5E870
sp|Q9CSH3|RRP44_MOUSE,Q9CSH3
sp|Q06138|CAB39_MOUSE,Q06138
sp|O70589|CSKP_MOUSE,O70589
sp|Q8R574|KPRB_MOUSE,Q8R574
sp|Q9CR41|HYPK_MOUSE,Q9CR41
sp|Q01279|EGFR_MOUSE,Q01279
sp|Q8K3D3|SWI5_MOUSE,Q8K3D3
sp|Q9WVR4|FXR2_MOUSE,Q9WVR4
sp|P40336|VP26A_MOUSE,P40336
sp|Q8CFX1|G6PE_MOUSE,Q8CFX1
sp|Q9R0X4|ACOT9_MOUSE,Q9R0X4
sp|Q8CAY6|THIC_MOUSE,Q8CAY6
sp|Q9CW79|GOGA1_MOUSE,Q9CW79
sp|Q06185|ATP5I_MOUSE,Q06185
sp|Q9CZ04|CSN7A_MOUSE,Q9CZ04
sp|Q3TVI8|PBIP1_MOUSE,Q3TVI8
sp|P53811|PIPNB_MOUSE,P53811
sp|Q7TNP2|2AAB_MOUSE,Q7TNP2
sp|Q8VI36|PAXI_MOUSE,Q8VI36
sp|P56565|S10A1_MOUSE,P56565
sp|Q3UM45|PP1R7_MOUSE,Q3UM45
sp|P97450|ATP5J_MOUSE,P97450
sp|P63330|PP2AA_MOUSE,P63330
sp|Q9CQ45|NENF_MOUSE,Q9CQ45
sp|Q9R1C7|PR40A_MOUSE,Q9R1C7
sp|Q1HFZ0|NSUN2_MOUSE,Q1HFZ0
sp|Q9JKX6|NUDT5_MOUSE,Q9JKX6
sp|O08585|CLCA_MOUSE,O08585
sp|Q8R2Q8|BST2_MOUSE,Q8R2Q8
sp|B2RWS6|EP300_MOUSE,B2RWS6
sp|P97742|CPT1A_MOUSE,P97742
sp|Q9QZB7|ARP10_MOUSE,Q9QZB7
sp|Q8R1A4|DOCK7_MOUSE,Q8R1A4
sp|Q9ES00|UBE4B_MOUSE,Q9ES00
sp|Q8JZN5|ACAD9_MOUSE,Q8JZN5
sp|Q8BGH2|SAM50_MOUSE,Q8BGH2
sp|Q5XG71|UTP20_MOUSE,Q5XG71
sp|Q8BP48|MAP11_MOUSE,Q8BP48
sp|Q8CCF0|PRP31_MOUSE,Q8CCF0
sp|O54734|OST48_MOUSE,O54734
sp|Q9CQI7|RU2B_MOUSE,Q9CQI7
sp|Q05816|FABP5_MOUSE,Q05816
sp|Q8BGR9|UBCP1_MOUSE,Q8BGR9
sp|Q60634|FLOT2_MOUSE,Q60634
sp|Q91VR2|ATPG_MOUSE,Q91VR2
sp|P40630|TFAM_MOUSE,P40630
sp|Q8K301|DDX52_MOUSE,Q8K301
sp|Q8R349|CDC16_MOUSE,Q8R349
sp|Q60953|PML_MOUSE,Q60953
sp|Q64339|ISG15_MOUSE,Q64339
sp|A2AAY5|SPD2B_MOUSE,A2AAY5
sp|Q6ZWN5|RS9_MOUSE,Q6ZWN5
sp|P60603|ROMO1_MOUSE,P60603
sp|P02340|P53_MOUSE,P02340
sp|Q8C129|LCAP_MOUSE,Q8C129
sp|Q8R3B1|PLCD1_MOUSE,Q8R3B1
sp|Q6A028|SWP70_MOUSE,Q6A028
sp|Q99PL6|UBXN6_MOUSE,Q99PL6
sp|Q8CCS6|PABP2_MOUSE,Q8CCS6
sp|Q9ERN0|SCAM2_MOUSE,Q9ERN0
sp|Q9D0J4|ARL2_MOUSE,Q9D0J4
sp|B1AVZ0|UPP_MOUSE,B1AVZ0
sp|P61079|UB2D3_MOUSE,P61079
sp|Q3THG9|AASD1_MOUSE,Q3THG9
sp|Q61749|EI2BD_MOUSE,Q61749
sp|O55128|SAP18_MOUSE,O55128
sp|Q64429|CP1B1_MOUSE,Q64429
sp|P23506|PIMT_MOUSE,P23506
sp|Q62074|KPCI_MOUSE,Q62074
sp|Q8VHK9|DHX36_MOUSE,Q8VHK9
sp|Q9D771|PACC1_MOUSE,Q9D771
sp|Q9CQJ2|PIHD1_MOUSE,Q9CQJ2
sp|P47802|MTX1_MOUSE,P47802
sp|Q60973|RBBP7_MOUSE,Q60973
sp|Q61495|DSG1A_MOUSE,Q61495
sp|P14152|MDHC_MOUSE,P14152
sp|Q9ERF3|WDR61_MOUSE,Q9ERF3
sp|Q8K2Q7|BROX_MOUSE,Q8K2Q7
sp|O35071|KIF1C_MOUSE,O35071
sp|Q8CG79|ASPP2_MOUSE,Q8CG79
sp|Q9CPY3|CDCA5_MOUSE,Q9CPY3
sp|Q9CQX4|PAF15_MOUSE,Q9CQX4
sp|O55126|NIPS2_MOUSE,O55126
sp|Q9JKB3|YBOX3_MOUSE,Q9JKB3
sp|Q148V7|RELCH_MOUSE,Q148V7
sp|Q91WG4|ELP2_MOUSE,Q91WG4
sp|Q9WVB0|RBPMS_MOUSE,Q9WVB0
sp|Q5XJY5|COPD_MOUSE,Q5XJY5
sp|Q921W4|QORL1_MOUSE,Q921W4
sp|Q8BYY4|TT39B_MOUSE,Q8BYY4
sp|Q04857|CO6A1_MOUSE,Q04857
sp|O09167|RL21_MOUSE,O09167
sp|Q8BK30|NDUV3_MOUSE,Q8BK30
sp|Q9D6J5|NDUB8_MOUSE,Q9D6J5
sp|Q8CFD4|SNX8_MOUSE,Q8CFD4
sp|Q8QZY1|EIF3L_MOUSE,Q8QZY1
sp|Q7TNV0|DEK_MOUSE,Q7TNV0
sp|Q8BMP6|GCP60_MOUSE,Q8BMP6
sp|Q8CD10|MICU2_MOUSE,Q8CD10
sp|Q8BX10|PGAM5_MOUSE,Q8BX10
sp|Q9QXN3|TRIP4_MOUSE,Q9QXN3
sp|Q60960|IMA5_MOUSE,Q60960
sp|P17095|HMGA1_MOUSE,P17095
sp|P23949|TISD_MOUSE,P23949
sp|Q9CXW2|RT22_MOUSE,Q9CXW2
sp|Q8WTY4|CPIN1_MOUSE,Q8WTY4
sp|P62315|SMD1_MOUSE,P62315
sp|Q99J45|NRBP_MOUSE,Q99J45
sp|P56395|CYB5_MOUSE,P56395
sp|Q6Y685|TACC1_MOUSE,Q6Y685
sp|Q9D281|NXP20_MOUSE,Q9D281
sp|Q8BXZ1|TMX3_MOUSE,Q8BXZ1
sp|Q69Z99|ZN512_MOUSE,Q69Z99
sp|Q8CGY8|OGT1_MOUSE,Q8CGY8
sp|Q9Z266|SNAPN_MOUSE,Q9Z266
sp|Q9CPR4|RL17_MOUSE,Q9CPR4
sp|Q99LF4|RTCB_MOUSE,Q99LF4
sp|Q99KV1|DJB11_MOUSE,Q99KV1
sp|Q9QYC0|ADDA_MOUSE,Q9QYC0
sp|O88952|LIN7C_MOUSE,O88952
sp|Q9EQU5|SET_MOUSE,Q9EQU5
sp|Q8BRN9|C2D1B_MOUSE,Q8BRN9
sp|Q62426|CYTB_MOUSE,Q62426
sp|P99028|QCR6_MOUSE,P99028
sp|Q922B1|MACD1_MOUSE,Q922B1
sp|Q61398|PCOC1_MOUSE,Q61398
sp|Q9CPT4|MYDGF_MOUSE,Q9CPT4
sp|Q8VE88|F1142_MOUSE,Q8VE88
sp|O08759|UBE3A_MOUSE,O08759
sp|Q61559|FCGRN_MOUSE,Q61559
sp|P35831|PTN12_MOUSE,P35831
sp|Q9WTX6|CUL1_MOUSE,Q9WTX6
sp|Q8BH69|SPS1_MOUSE,Q8BH69
sp|Q9JLF6|TGM1_MOUSE,Q9JLF6
sp|Q9JI10|STK3_MOUSE,Q9JI10
sp|Q3V1T4|P3H1_MOUSE,Q3V1T4
sp|Q99LL5|PWP1_MOUSE,Q99LL5
sp|O08795|GLU2B_MOUSE,O08795
sp|Q91WK0|LRRF2_MOUSE,Q91WK0
sp|Q64345|IFIT3_MOUSE,Q64345
sp|Q9EQH2|ERAP1_MOUSE,Q9EQH2
sp|Q69ZS7|HBS1L_MOUSE,Q69ZS7
sp|Q8C407|YIPF4_MOUSE,Q8C407
sp|P41731|CD63_MOUSE,P41731
sp|Q99MR8|MCCA_MOUSE,Q99MR8
sp|Q9CQE1|NPS3B_MOUSE,Q9CQE1
sp|P52332|JAK1_MOUSE,P52332
sp|Q9CXL3|CG050_MOUSE,Q9CXL3
sp|O88696|CLPP_MOUSE,O88696
sp|Q9D7M1|GID8_MOUSE,Q9D7M1
sp|Q3UGC7|EI3JA_MOUSE,Q3UGC7
sp|Q9JMD0|ZN207_MOUSE,Q9JMD0
sp|Q921L3|TMCO1_MOUSE,Q921L3
sp|Q9D8L5|CCD91_MOUSE,Q9D8L5
sp|Q8R2M2|TDIF2_MOUSE,Q8R2M2
sp|Q9JHI7|EXOS9_MOUSE,Q9JHI7
sp|Q6V3W6|DRC7_MOUSE,Q6V3W6
sp|E9PVX6|KI67_MOUSE,E9PVX6
sp|E9PZJ8|ASCC3_MOUSE,E9PZJ8
sp|E9Q137|TX264_MOUSE,E9Q137
sp|Q501J7|PHAR4_MOUSE,Q501J7
sp|P47199|QOR_MOUSE,P47199
sp|Q9QYR6|MAP1A_MOUSE,Q9QYR6
sp|Q99LE6|ABCF2_MOUSE,Q99LE6
sp|O35874|SATT_MOUSE,O35874
sp|Q60848|HELLS_MOUSE,Q60848
sp|Q8K3Z9|PO121_MOUSE,Q8K3Z9
sp|Q91YJ2|SNX4_MOUSE,Q91YJ2
sp|P27641|XRCC5_MOUSE,P27641
sp|O70152|DPM1_MOUSE,O70152
sp|P47964|RL36_MOUSE,P47964
sp|P12023|A4_MOUSE,P12023
sp|P25785|TIMP2_MOUSE,P25785
sp|P50396|GDIA_MOUSE,P50396
sp|Q9QUI0|RHOA_MOUSE,Q9QUI0
sp|P62746|RHOB_MOUSE,P62746
sp|O35855|BCAT2_MOUSE,O35855
sp|Q61263|SOAT1_MOUSE,Q61263
sp|Q9QXA5|LSM4_MOUSE,Q9QXA5
sp|P35492|HUTH_MOUSE,P35492
sp|Q8K4Z5|SF3A1_MOUSE,Q8K4Z5
sp|P05480|SRC_MOUSE,P05480
sp|Q8BQ47|CNPY4_MOUSE,Q8BQ47
sp|Q9CPX7|RT16_MOUSE,Q9CPX7
sp|O70591|PFD2_MOUSE,O70591
sp|P52503|NDUS6_MOUSE,P52503
sp|Q9QWT9|KIFC1_MOUSE,Q9QWT9
sp|Q5U4D9|THOC6_MOUSE,Q5U4D9
sp|Q61239|FNTA_MOUSE,Q61239
sp|Q61704|ITIH3_MOUSE,Q61704
sp|Q61235|SNTB2_MOUSE,Q61235
sp|Q99LI2|CLCC1_MOUSE,Q99LI2
sp|Q8BWM0|PGES2_MOUSE,Q8BWM0
sp|Q91ZR1|RAB4B_MOUSE,Q91ZR1
sp|Q00993|UFO_MOUSE,Q00993
sp|Q3TH73|TTYH2_MOUSE,Q3TH73
sp|P26350|PTMA_MOUSE,P26350
sp|Q05BC3|EMAL1_MOUSE,Q05BC3
sp|Q02819|NUCB1_MOUSE,Q02819
sp|P63254|CRIP1_MOUSE,P63254
sp|Q9CWL8|CTBL1_MOUSE,Q9CWL8
sp|Q8R001|MARE2_MOUSE,Q8R001
sp|Q60668|HNRPD_MOUSE,Q60668
sp|Q99020|ROAA_MOUSE,Q99020
sp|Q9CQC7|NDUB4_MOUSE,Q9CQC7
sp|Q9QYS9|QKI_MOUSE,Q9QYS9
sp|P21279|GNAQ_MOUSE,P21279
sp|P61961|UFM1_MOUSE,P61961
sp|Q8BVQ5|PPME1_MOUSE,Q8BVQ5
sp|Q8K2M0|RM38_MOUSE,Q8K2M0
sp|Q8BZW8|NHLC2_MOUSE,Q8BZW8
sp|Q91XU3|PI42C_MOUSE,Q91XU3
sp|P97432|NBR1_MOUSE,P97432
sp|Q8BZA9|TIGAR_MOUSE,Q8BZA9
sp|Q9WU62|INCE_MOUSE,Q9WU62
sp|P62077|TIM8B_MOUSE,P62077
sp|Q8BMJ2|SYLC_MOUSE,Q8BMJ2
sp|P34022|RANG_MOUSE,P34022
sp|Q99M74|KRT82_MOUSE,Q99M74
sp|Q0VBK2|K2C80_MOUSE,Q0VBK2
sp|Q9R0Q6|ARC1A_MOUSE,Q9R0Q6
sp|Q8K0C4|CP51A_MOUSE,Q8K0C4
sp|Q62432|SMAD2_MOUSE,Q62432
sp|Q9DC61|MPPA_MOUSE,Q9DC61
sp|Q9CWU9|NUP37_MOUSE,Q9CWU9
sp|Q9CQK7|RWDD1_MOUSE,Q9CQK7
sp|Q8R180|ERO1A_MOUSE,Q8R180
sp|Q9JKC8|AP3M1_MOUSE,Q9JKC8
sp|P22437|PGH1_MOUSE,P22437
sp|Q9DCJ5|NDUA8_MOUSE,Q9DCJ5
sp|P04223|HA1K_MOUSE,P04223
sp|Q9CRD0|OCAD1_MOUSE,Q9CRD0
sp|Q9QYJ0|DNJA2_MOUSE,Q9QYJ0
sp|Q9CWP6|MSPD2_MOUSE,Q9CWP6
sp|Q9D7M8|RPB4_MOUSE,Q9D7M8
sp|P19157|GSTP1_MOUSE,P19157
sp|P70318|TIAR_MOUSE,P70318
sp|O08573|LEG9_MOUSE,O08573
sp|Q9DC16|ERGI1_MOUSE,Q9DC16
sp|Q8C0E2|VP26B_MOUSE,Q8C0E2
sp|P35278|RAB5C_MOUSE,P35278
sp|P46978|STT3A_MOUSE,P46978
sp|Q62186|SSRD_MOUSE,Q62186
sp|O35295|PURB_MOUSE,O35295
sp|P42669|PURA_MOUSE,P42669
sp|Q9WTL7|LYPA2_MOUSE,Q9WTL7
sp|Q8K4Q8|COL12_MOUSE,Q8K4Q8
sp|Q9R1P1|PSB3_MOUSE,Q9R1P1
sp|Q8BRF7|SCFD1_MOUSE,Q8BRF7
sp|Q9WUQ2|PREB_MOUSE,Q9WUQ2
sp|Q91VU7|PUS7_MOUSE,Q91VU7
sp|Q4KML4|ABRAL_MOUSE,Q4KML4
sp|Q8BU30|SYIC_MOUSE,Q8BU30
sp|Q6PE01|SNR40_MOUSE,Q6PE01
sp|P48758|CBR1_MOUSE,P48758
sp|Q924M7|MPI_MOUSE,Q924M7
sp|Q61210|ARHG1_MOUSE,Q61210
sp|Q7M6Y3|PICAL_MOUSE,Q7M6Y3
sp|P14426|HA13_MOUSE,P14426
sp|Q9CRC8|LRC40_MOUSE,Q9CRC8
sp|O35382|EXOC4_MOUSE,O35382
sp|P17439|GLCM_MOUSE,P17439
sp|Q91YN9|BAG2_MOUSE,Q91YN9
sp|Q9D2R6|COA3_MOUSE,Q9D2R6
sp|P51410|RL9_MOUSE,P51410
sp|P15116|CADH2_MOUSE,P15116
sp|Q6P9Q4|FHOD1_MOUSE,Q6P9Q4
sp|Q9JKB1|UCHL3_MOUSE,Q9JKB1
sp|Q6IME9|K2C72_MOUSE,Q6IME9
sp|O54941|SMCE1_MOUSE,O54941
sp|P61028|RAB8B_MOUSE,P61028
sp|Q9DBP5|KCY_MOUSE,Q9DBP5
sp|P62320|SMD3_MOUSE,P62320
sp|Q9WVQ5|MTNB_MOUSE,Q9WVQ5
sp|Q9CQ54|NDUC2_MOUSE,Q9CQ54
sp|Q99JH1|RP25L_MOUSE,Q99JH1
sp|Q9ER88|RT29_MOUSE,Q9ER88
sp|Q9CY50|SSRA_MOUSE,Q9CY50
sp|Q9R111|GUAD_MOUSE,Q9R111
sp|Q6ZWV3|RL10_MOUSE,Q6ZWV3
sp|Q60737|CSK21_MOUSE,Q60737
sp|A2AQ19|RTF1_MOUSE,A2AQ19
sp|P67871|CSK2B_MOUSE,P67871
sp|Q6A065|CE170_MOUSE,Q6A065
sp|Q6PB93|GALT2_MOUSE,Q6PB93
sp|Q9JJH1|RNAS4_MOUSE,Q9JJH1
sp|Q7TMF3|NDUAC_MOUSE,Q7TMF3
sp|Q6P9J9|ANO6_MOUSE,Q6P9J9
sp|Q9JJK2|LANC2_MOUSE,Q9JJK2
sp|P56391|CX6B1_MOUSE,P56391
sp|Q99LB2|DHRS4_MOUSE,Q99LB2
sp|C8YR32|LOXH1_MOUSE,C8YR32
sp|Q9CR59|G45IP_MOUSE,Q9CR59
sp|P99026|PSB4_MOUSE,P99026
sp|Q6ZQ58|LARP1_MOUSE,Q6ZQ58
sp|Q9CQ92|FIS1_MOUSE,Q9CQ92
sp|Q9D154|ILEUA_MOUSE,Q9D154
sp|Q6DFX2|ANTR2_MOUSE,Q6DFX2
sp|P54276|MSH6_MOUSE,P54276
sp|Q5DTU0|AF1L2_MOUSE,Q5DTU0
sp|Q9CWW6|PIN4_MOUSE,Q9CWW6
sp|Q99KF1|TMED9_MOUSE,Q99KF1
sp|P99029|PRDX5_MOUSE,P99029
sp|Q9D7G0|PRPS1_MOUSE,Q9D7G0
sp|Q9CS42|PRPS2_MOUSE,Q9CS42
sp|Q9WVA3|BUB3_MOUSE,Q9WVA3
sp|P58742|AAAS_MOUSE,P58742
sp|P56382|ATP5E_MOUSE,P56382
sp|P55302|AMRP_MOUSE,P55302
sp|P70202|LXN_MOUSE,P70202
sp|Q80YX1|TENA_MOUSE,Q80YX1
sp|P23927|CRYAB_MOUSE,P23927
sp|Q8K019|BCLF1_MOUSE,Q8K019
sp|Q9D2Y4|MLKL_MOUSE,Q9D2Y4
sp|Q9CZ13|QCR1_MOUSE,Q9CZ13
sp|Q9JJ00|PLS1_MOUSE,Q9JJ00
sp|P43247|MSH2_MOUSE,P43247
sp|Q9Z1J3|NFS1_MOUSE,Q9Z1J3
sp|O70493|SNX12_MOUSE,O70493
sp|O88967|YMEL1_MOUSE,O88967
sp|Q8VDQ1|PTGR2_MOUSE,Q8VDQ1
sp|Q99LD9|EI2BB_MOUSE,Q99LD9
sp|Q8BGC4|PTGR3_MOUSE,Q8BGC4
sp|Q9CQ21|MCTS2_MOUSE,Q9CQ21
sp|Q8BP92|RCN2_MOUSE,Q8BP92
sp|P62862|RS30_MOUSE,P62862
sp|Q8K4Z3|NNRE_MOUSE,Q8K4Z3
sp|O88792|JAM1_MOUSE,O88792
sp|Q91WE2|PIP30_MOUSE,Q91WE2
sp|Q62087|PON3_MOUSE,Q62087
sp|P59108|CPNE2_MOUSE,P59108
sp|Q8K0C9|GMDS_MOUSE,Q8K0C9
sp|Q62425|NDUA4_MOUSE,Q62425
sp|Q9CQS8|SC61B_MOUSE,Q9CQS8
sp|P16858|G3P_MOUSE,P16858
sp|P62774|MTPN_MOUSE,P62774
sp|Q07113|MPRI_MOUSE,Q07113
sp|Q80Y81|RNZ2_MOUSE,Q80Y81
sp|Q8JZQ2|AFG32_MOUSE,Q8JZQ2
sp|Q9R062|GLYG_MOUSE,Q9R062
sp|Q9R0E1|PLOD3_MOUSE,Q9R0E1
sp|Q9CQD1|RAB5A_MOUSE,Q9CQD1
sp|P28481|CO2A1_MOUSE,P28481
sp|Q9D304|RN128_MOUSE,Q9D304
sp|Q3B7Z2|OSBP1_MOUSE,Q3B7Z2
sp|Q8BVE3|VATH_MOUSE,Q8BVE3
sp|P22777|PAI1_MOUSE,P22777
sp|P28659|CELF1_MOUSE,P28659
sp|Q9ERR7|SEP15_MOUSE,Q9ERR7
sp|Q60738|ZNT1_MOUSE,Q60738
sp|Q5SRX1|TM1L2_MOUSE,Q5SRX1
sp|P48024|EIF1_MOUSE,P48024
sp|P0C0S6|H2AZ_MOUSE,P0C0S6
sp|Q01768|NDKB_MOUSE,Q01768
sp|Q9QZ88|VPS29_MOUSE,Q9QZ88
sp|Q9Z127|LAT1_MOUSE,Q9Z127
sp|Q9CQH3|NDUB5_MOUSE,Q9CQH3
sp|Q9R0P6|SC11A_MOUSE,Q9R0P6
sp|P62305|RUXE_MOUSE,P62305
sp|Q6ZQL4|WDR43_MOUSE,Q6ZQL4
sp|P62317|SMD2_MOUSE,P62317
sp|Q9JKV1|ADRM1_MOUSE,Q9JKV1
sp|Q99LG2|TNPO2_MOUSE,Q99LG2
sp|Q9DC63|FBX3_MOUSE,Q9DC63
sp|Q9D0L8|MCES_MOUSE,Q9D0L8
sp|Q6GQT1|A2MG_MOUSE,Q6GQT1
sp|Q8CE96|TRM6_MOUSE,Q8CE96
sp|O70456|1433S_MOUSE,O70456
sp|Q91WD5|NDUS2_MOUSE,Q91WD5
sp|P52927|HMGA2_MOUSE,P52927
sp|F8VPU2|FARP1_MOUSE,F8VPU2
sp|Q8CFI7|RPB2_MOUSE,Q8CFI7
sp|O08915|AIP_MOUSE,O08915
sp|O70404|VAMP8_MOUSE,O70404
sp|Q9CZ42|NNRD_MOUSE,Q9CZ42
sp|Q80SW1|SAHH2_MOUSE,Q80SW1
sp|O55123|MMP10_MOUSE,O55123
sp|Q8BIG7|CMTD1_MOUSE,Q8BIG7
sp|Q9DB20|ATPO_MOUSE,Q9DB20
sp|Q9R0B9|PLOD2_MOUSE,Q9R0B9
sp|Q9QZ23|NFU1_MOUSE,Q9QZ23
sp|P38060|HMGCL_MOUSE,P38060
sp|P35601|RFC1_MOUSE,P35601
sp|Q791T5|MTCH1_MOUSE,Q791T5
sp|P48771|CX7A2_MOUSE,P48771
sp|Q91WJ8|FUBP1_MOUSE,Q91WJ8
sp|Q60866|PTER_MOUSE,Q60866
sp|Q6P9R4|ARHGI_MOUSE,Q6P9R4
sp|Q9D735|TRIR_MOUSE,Q9D735
sp|P57784|RU2A_MOUSE,P57784
sp|G5E8V9|ARFP1_MOUSE,G5E8V9
sp|D3YYU8|OBSL1_MOUSE,D3YYU8
sp|Q8BNV1|TRM2A_MOUSE,Q8BNV1
sp|Q8R1G6|PDLI2_MOUSE,Q8R1G6
sp|Q61107|GBP4_MOUSE,Q61107
sp|Q8BWZ3|NAA25_MOUSE,Q8BWZ3
sp|O35704|SPTC1_MOUSE,O35704
sp|Q9JLQ0|CD2AP_MOUSE,Q9JLQ0
sp|Q8BFZ3|ACTBL_MOUSE,Q8BFZ3
sp|Q8K0D5|EFGM_MOUSE,Q8K0D5
sp|P56695|WFS1_MOUSE,P56695
sp|P15864|H12_MOUSE,P15864
sp|Q91VU0|FAM3C_MOUSE,Q91VU0
sp|Q8BKZ9|ODPX_MOUSE,Q8BKZ9
sp|Q60992|VAV2_MOUSE,Q60992
sp|Q9DC69|NDUA9_MOUSE,Q9DC69
sp|Q9WUP7|UCHL5_MOUSE,Q9WUP7
sp|P54729|NUB1_MOUSE,P54729
sp|Q61739|ITA6_MOUSE,Q61739
sp|Q3TYX3|SMYD5_MOUSE,Q3TYX3
sp|Q9D7N9|APMAP_MOUSE,Q9D7N9
sp|Q791V5|MTCH2_MOUSE,Q791V5
sp|Q9D5V6|SYAP1_MOUSE,Q9D5V6
sp|Q9EQ80|NIF3L_MOUSE,Q9EQ80
sp|Q9DCK3|TSN4_MOUSE,Q9DCK3
sp|Q9D3P8|PLRKT_MOUSE,Q9D3P8
sp|Q3TAS6|EMC10_MOUSE,Q3TAS6
sp|P53690|MMP14_MOUSE,P53690
sp|Q9Z2X1|HNRPF_MOUSE,Q9Z2X1
sp|Q68FH4|GALK2_MOUSE,Q68FH4
sp|Q9QYB5|ADDG_MOUSE,Q9QYB5
sp|Q91WS0|CISD1_MOUSE,Q91WS0
sp|P46062|SIPA1_MOUSE,P46062
sp|Q99LR1|ABD12_MOUSE,Q99LR1
sp|Q9CQW0|EMC6_MOUSE,Q9CQW0
sp|Q9D0A3|ARPIN_MOUSE,Q9D0A3
sp|O70582|LX12B_MOUSE,O70582
sp|Q78JW9|UBFD1_MOUSE,Q78JW9
sp|P62313|LSM6_MOUSE,P62313
sp|Q9QZM0|UBQL2_MOUSE,Q9QZM0
sp|Q9D868|PPIH_MOUSE,Q9D868
sp|Q9QXE7|TBL1X_MOUSE,Q9QXE7
sp|Q8K003|TMA7_MOUSE,Q8K003
sp|Q80VD1|FA98B_MOUSE,Q80VD1
sp|Q9D7N3|RT09_MOUSE,Q9D7N3
sp|Q91VN4|MIC25_MOUSE,Q91VN4
sp|Q99N84|RT18B_MOUSE,Q99N84
sp|Q921X9|PDIA5_MOUSE,Q921X9
sp|Q8R3F5|FABD_MOUSE,Q8R3F5
sp|Q80UM7|MOGS_MOUSE,Q80UM7
sp|Q9QWY8|ASAP1_MOUSE,Q9QWY8
sp|Q9R1Q9|VAS1_MOUSE,Q9R1Q9
sp|Q3UPH1|PRRC1_MOUSE,Q3UPH1
sp|O88587|COMT_MOUSE,O88587
sp|Q61140|BCAR1_MOUSE,Q61140
sp|Q64310|SURF4_MOUSE,Q64310
sp|Q8BFW7|LPP_MOUSE,Q8BFW7
sp|Q9D892|ITPA_MOUSE,Q9D892
sp|Q810D6|GRWD1_MOUSE,Q810D6
sp|Q3UHD6|SNX27_MOUSE,Q3UHD6
sp|Q8CF66|LTOR4_MOUSE,Q8CF66
sp|Q9QYC7|VKGC_MOUSE,Q9QYC7
sp|Q99J77|SIAS_MOUSE,Q99J77
sp|P97390|VPS45_MOUSE,P97390
sp|Q924T2|RT02_MOUSE,Q924T2
sp|P62071|RRAS2_MOUSE,P62071
sp|Q6PGH2|JUPI2_MOUSE,Q6PGH2
sp|Q923B1|DBR1_MOUSE,Q923B1
sp|Q9CZX9|EMC4_MOUSE,Q9CZX9
sp|Q8BXV2|BRI3B_MOUSE,Q8BXV2
sp|P02463|CO4A1_MOUSE,P02463
sp|Q9D666|SUN1_MOUSE,Q9D666
sp|Q9QYA2|TOM40_MOUSE,Q9QYA2
sp|Q80WC7|AGFG2_MOUSE,Q80WC7
sp|P59708|SF3B6_MOUSE,P59708
sp|P58774|TPM2_MOUSE,P58774
sp|Q78HU7|GLPC_MOUSE,Q78HU7
sp|P52633|STAT6_MOUSE,P52633
sp|Q8BH58|TIPRL_MOUSE,Q8BH58
sp|Q9D964|GATM_MOUSE,Q9D964
sp|P35980|RL18_MOUSE,P35980
sp|P56376|ACYP1_MOUSE,P56376
sp|Q99LI7|CSTF3_MOUSE,Q99LI7
sp|O08539|BIN1_MOUSE,O08539
sp|P10922|H10_MOUSE,P10922
sp|Q9CZY3|UB2V1_MOUSE,Q9CZY3
sp|P14115|RL27A_MOUSE,P14115
sp|Q8VBV7|CSN8_MOUSE,Q8VBV7
sp|Q9DCT8|CRIP2_MOUSE,Q9DCT8
sp|P54923|ADPRH_MOUSE,P54923
sp|P26883|FKB1A_MOUSE,P26883
sp|Q99JR5|TINAL_MOUSE,Q99JR5
sp|P41105|RL28_MOUSE,P41105
sp|Q8R1N4|NUDC3_MOUSE,Q8R1N4
sp|Q99M28|RNPS1_MOUSE,Q99M28
sp|Q64511|TOP2B_MOUSE,Q64511
sp|Q9CQ40|RM49_MOUSE,Q9CQ40
sp|Q91W59|RBMS1_MOUSE,Q91W59
sp|Q8VC70|RBMS2_MOUSE,Q8VC70
sp|Q9D6U8|F162A_MOUSE,Q9D6U8
sp|P62257|UBE2H_MOUSE,P62257
sp|P21126|UBL4A_MOUSE,P21126
sp|Q9D2P4|URM1_MOUSE,Q9D2P4
sp|O70572|NSMA_MOUSE,O70572
sp|Q78IK4|MIC27_MOUSE,Q78IK4
sp|Q9R1Q7|PLP2_MOUSE,Q9R1Q7
sp|P59326|YTHD1_MOUSE,P59326
sp|Q7TMY7|IPO8_MOUSE,Q7TMY7
sp|P51432|PLCB3_MOUSE,P51432
sp|P48774|GSTM5_MOUSE,P48774
sp|Q8K2H2|OTU6B_MOUSE,Q8K2H2
sp|O35621|PMM1_MOUSE,O35621
sp|Q8VBT9|ASPC1_MOUSE,Q8VBT9
sp|P10854|H2B1M_MOUSE,P10854
sp|Q91YR9|PTGR1_MOUSE,Q91YR9
sp|Q923D2|BLVRB_MOUSE,Q923D2
sp|Q9EP89|LACTB_MOUSE,Q9EP89
sp|Q9ERS2|NDUAD_MOUSE,Q9ERS2
sp|Q91YT8|CSCL1_MOUSE,Q91YT8
sp|Q91VE0|S27A4_MOUSE,Q91VE0
sp|P50096|IMDH1_MOUSE,P50096
sp|P10853|H2B1F_MOUSE,P10853
sp|O89116|VTI1A_MOUSE,O89116
sp|Q8VCI5|PEX19_MOUSE,Q8VCI5
sp|P62137|PP1A_MOUSE,P62137
sp|Q9CXT8|MPPB_MOUSE,Q9CXT8
sp|Q9DCZ4|MIC26_MOUSE,Q9DCZ4
sp|Q9D358|PPAC_MOUSE,Q9D358
sp|Q3TJZ6|FA98A_MOUSE,Q3TJZ6
sp|Q8K023|AKC1H_MOUSE,Q8K023
sp|P63094|GNAS2_MOUSE,P63094
sp|Q9DB05|SNAA_MOUSE,Q9DB05
sp|Q6DFW4|NOP58_MOUSE,Q6DFW4
sp|Q8BWW9|PKN2_MOUSE,Q8BWW9
sp|Q99LY9|NDUS5_MOUSE,Q99LY9
sp|Q3U319|BRE1B_MOUSE,Q3U319
sp|Q80ZA4|PKHL1_MOUSE,Q80ZA4
sp|Q923G2|RPAB3_MOUSE,Q923G2
sp|B1AXP6|TOM5_MOUSE,B1AXP6
sp|P39053|DYN1_MOUSE,P39053
sp|Q9CQZ6|NDUB3_MOUSE,Q9CQZ6
sp|P30681|HMGB2_MOUSE,P30681
sp|Q8VE62|PAIP1_MOUSE,Q8VE62
sp|P70444|BID_MOUSE,P70444
sp|P62500|T22D1_MOUSE,P62500
sp|Q8K2V6|IPO11_MOUSE,Q8K2V6
sp|Q8BFV2|PCID2_MOUSE,Q8BFV2
sp|P47941|CRKL_MOUSE,P47941
sp|Q9CR39|WIPI3_MOUSE,Q9CR39
sp|Q9EST5|AN32B_MOUSE,Q9EST5
sp|P09528|FRIH_MOUSE,P09528
sp|Q9JII5|DAZP1_MOUSE,Q9JII5
sp|P31230|AIMP1_MOUSE,P31230
sp|Q07813|BAX_MOUSE,Q07813
sp|P04627|ARAF_MOUSE,P04627
sp|P01942|HBA_MOUSE,P01942
sp|Q5EG47|AAPK1_MOUSE,Q5EG47
sp|Q8K2X3|STN1_MOUSE,Q8K2X3
sp|Q8VEE0|RPE_MOUSE,Q8VEE0
sp|Q9CQI9|MED30_MOUSE,Q9CQI9
sp|Q8CIN4|PAK2_MOUSE,Q8CIN4
sp|P61327|MGN_MOUSE,P61327
sp|Q9Z2Y8|PLPHP_MOUSE,Q9Z2Y8
sp|Q9DBL1|ACDSB_MOUSE,Q9DBL1
sp|Q9DCH4|EIF3F_MOUSE,Q9DCH4
sp|Q7TMW6|CIAO3_MOUSE,Q7TMW6
sp|Q8VCM8|NCLN_MOUSE,Q8VCM8
sp|Q9WUM5|SUCA_MOUSE,Q9WUM5
sp|P12787|COX5A_MOUSE,P12787
sp|P27046|MA2A1_MOUSE,P27046
sp|Q9D1I2|CAR19_MOUSE,Q9D1I2
sp|P33174|KIF4_MOUSE,P33174
sp|Q9D0F6|RFC5_MOUSE,Q9D0F6
sp|Q9QY76|VAPB_MOUSE,Q9QY76
sp|O88958|GNPI1_MOUSE,O88958
sp|P31266|SUH_MOUSE,P31266
sp|P35293|RAB18_MOUSE,P35293
sp|Q80XI3|IF4G3_MOUSE,Q80XI3
sp|Q9CQC8|SPG21_MOUSE,Q9CQC8
sp|P59470|RPC2_MOUSE,P59470
sp|Q61206|PA1B2_MOUSE,Q61206
sp|Q8CEC0|NUP88_MOUSE,Q8CEC0
sp|Q6WKZ8|UBR2_MOUSE,Q6WKZ8
sp|P0C0A3|CHMP6_MOUSE,P0C0A3
sp|Q8R034|APC13_MOUSE,Q8R034
sp|P99027|RLA2_MOUSE,P99027
sp|O88746|TOM1_MOUSE,O88746
sp|Q6PEB6|PHOCN_MOUSE,Q6PEB6
sp|Q8K157|GALM_MOUSE,Q8K157
sp|Q9CQU0|TXD12_MOUSE,Q9CQU0
sp|O88456|CPNS1_MOUSE,O88456
sp|Q9WUL7|ARL3_MOUSE,Q9WUL7
sp|Q99NH0|ANR17_MOUSE,Q99NH0
sp|Q8BG51|MIRO1_MOUSE,Q8BG51
sp|Q99J09|MEP50_MOUSE,Q99J09
sp|Q9DC50|OCTC_MOUSE,Q9DC50
sp|Q9D8Y1|T126A_MOUSE,Q9D8Y1
sp|P58059|RT21_MOUSE,P58059
sp|Q9CYN9|RENR_MOUSE,Q9CYN9
sp|Q8CI59|STEA3_MOUSE,Q8CI59
sp|Q9DBE8|ALG2_MOUSE,Q9DBE8
sp|P23591|FCL_MOUSE,P23591
sp|Q8BT07|CEP55_MOUSE,Q8BT07
sp|Q9D024|CCD47_MOUSE,Q9D024
sp|Q8BHC4|DCAKD_MOUSE,Q8BHC4
sp|Q9R0P4|SMAP_MOUSE,Q9R0P4
sp|Q9JMG1|EDF1_MOUSE,Q9JMG1
sp|Q9D2C7|BI1_MOUSE,Q9D2C7
sp|P00375|DYR_MOUSE,P00375
sp|Q9DCG9|TR112_MOUSE,Q9DCG9
sp|Q9QWR8|NAGAB_MOUSE,Q9QWR8
sp|Q9Z2Q6|SEPT5_MOUSE,Q9Z2Q6
sp|Q6DID7|WLS_MOUSE,Q6DID7
sp|O35309|NMI_MOUSE,O35309
sp|Q9DCS1|T176A_MOUSE,Q9DCS1
sp|Q9D2G5|SYNJ2_MOUSE,Q9D2G5
sp|Q8VE70|PDC10_MOUSE,Q8VE70
sp|P61022|CHP1_MOUSE,P61022
sp|P31938|MP2K1_MOUSE,P31938
sp|Q9QZI8|SERC1_MOUSE,Q9QZI8
sp|Q9EST4|PSMG2_MOUSE,Q9EST4
sp|Q9D1I6|RM14_MOUSE,Q9D1I6
sp|Q6P9R2|OXSR1_MOUSE,Q6P9R2
sp|Q9JIW9|RALB_MOUSE,Q9JIW9
sp|P51912|AAAT_MOUSE,P51912
sp|Q9WVB4|SLIT3_MOUSE,Q9WVB4
sp|Q9CQV6|MLP3B_MOUSE,Q9CQV6
sp|Q8C5L7|RBM34_MOUSE,Q8C5L7
sp|B2RXR6|ANR44_MOUSE,B2RXR6
sp|P61750|ARF4_MOUSE,P61750
sp|Q9Z1Y4|TRIP6_MOUSE,Q9Z1Y4
sp|Q3UFK8|FRMD8_MOUSE,Q3UFK8
sp|Q61703|ITIH2_MOUSE,Q61703
sp|Q60648|SAP3_MOUSE,Q60648
sp|P22907|HEM3_MOUSE,P22907
sp|P16110|LEG3_MOUSE,P16110
sp|Q91VW3|SH3L3_MOUSE,Q91VW3
sp|Q62159|RHOC_MOUSE,Q62159
sp|O35864|CSN5_MOUSE,O35864
sp|Q2TBE6|P4K2A_MOUSE,Q2TBE6
sp|O55091|IMPCT_MOUSE,O55091
sp|Q63932|MP2K2_MOUSE,Q63932
sp|P97329|KI20A_MOUSE,P97329
sp|Q8VE91|RETR1_MOUSE,Q8VE91
sp|P16254|SRP14_MOUSE,P16254
sp|P62267|RS23_MOUSE,P62267
sp|P63154|CRNL1_MOUSE,P63154
sp|Q8CDG3|VCIP1_MOUSE,Q8CDG3
sp|Q8BNU0|ARMC6_MOUSE,Q8BNU0
sp|Q9QXL2|KI21A_MOUSE,Q9QXL2
sp|P46938|YAP1_MOUSE,P46938
sp|P61290|PSME3_MOUSE,P61290
sp|Q9D7S7|RL22L_MOUSE,Q9D7S7
sp|P12367|KAP2_MOUSE,P12367
sp|Q80XR2|AT2C1_MOUSE,Q80XR2
sp|O54946|DNJB6_MOUSE,O54946
sp|Q3TX08|TRM1_MOUSE,Q3TX08
sp|Q9QY36|NAA10_MOUSE,Q9QY36
sp|P30412|PPIC_MOUSE,P30412
sp|P19001|K1C19_MOUSE,P19001
sp|Q9DCC8|TOM20_MOUSE,Q9DCC8
sp|P97300|NPTN_MOUSE,P97300
sp|Q6PCP5|MFF_MOUSE,Q6PCP5
sp|P61588|RND3_MOUSE,P61588
sp|O88668|CREG1_MOUSE,O88668
sp|Q8BH48|UBAP1_MOUSE,Q8BH48
sp|O35988|SDC4_MOUSE,O35988
sp|B1AZP2|DLGP4_MOUSE,B1AZP2
sp|P15379|CD44_MOUSE,P15379
sp|Q9DCL8|IPP2_MOUSE,Q9DCL8
sp|Q9DBR0|AKAP8_MOUSE,Q9DBR0
sp|P55194|3BP1_MOUSE,P55194
sp|Q9CXK8|NIP7_MOUSE,Q9CXK8
sp|Q9QZL0|RIPK3_MOUSE,Q9QZL0
sp|Q6P2L7|GOLM2_MOUSE,Q6P2L7
sp|Q5SV85|SYNRG_MOUSE,Q5SV85
sp|Q9CSN1|SNW1_MOUSE,Q9CSN1
sp|Q9Z2P8|VAMP5_MOUSE,Q9Z2P8
sp|Q8BVG4|DPP9_MOUSE,Q8BVG4
sp|Q63850|NUP62_MOUSE,Q63850
sp|Q5SS80|DHR13_MOUSE,Q5SS80
sp|Q99K30|ES8L2_MOUSE,Q99K30
sp|Q3TCN2|PLBL2_MOUSE,Q3TCN2
sp|P61971|NTF2_MOUSE,P61971
sp|Q9JI99|SGPP1_MOUSE,Q9JI99
sp|Q9DCE5|PK1IP_MOUSE,Q9DCE5
sp|Q9CYR6|AGM1_MOUSE,Q9CYR6
sp|Q3TDD9|PPR21_MOUSE,Q3TDD9
sp|Q60770|STXB3_MOUSE,Q60770
sp|Q9JIY5|HTRA2_MOUSE,Q9JIY5
sp|O70251|EF1B_MOUSE,O70251
sp|Q07797|LG3BP_MOUSE,Q07797
sp|E9Q1P8|I2BP2_MOUSE,E9Q1P8
sp|P56960|EXOSX_MOUSE,P56960
sp|P84099|RL19_MOUSE,P84099
sp|Q9QYK7|RNF11_MOUSE,Q9QYK7
sp|Q9DCD2|SYF1_MOUSE,Q9DCD2
sp|Q9D1H7|GET4_MOUSE,Q9D1H7
sp|Q9D1P0|RM13_MOUSE,Q9D1P0
sp|Q61578|ADRO_MOUSE,Q61578
sp|Q9WV60|GSK3B_MOUSE,Q9WV60
sp|Q8K3J1|NDUS8_MOUSE,Q8K3J1
sp|Q9D1L0|CHCH2_MOUSE,Q9D1L0
sp|P35123|UBP4_MOUSE,P35123
sp|Q9DAA6|EXOS1_MOUSE,Q9DAA6
sp|Q9DB43|ZFPL1_MOUSE,Q9DB43
sp|P97350|PKP1_MOUSE,P97350
sp|Q61103|REQU_MOUSE,Q61103
sp|Q8BTU1|CFA20_MOUSE,Q8BTU1
sp|Q60865|CAPR1_MOUSE,Q60865
sp|Q9DCU6|RM04_MOUSE,Q9DCU6
sp|O35943|FRDA_MOUSE,O35943
sp|P62075|TIM13_MOUSE,P62075
sp|Q9QYF9|NDRG3_MOUSE,Q9QYF9
sp|Q8CJ53|CIP4_MOUSE,Q8CJ53
sp|Q9DBD5|PELP1_MOUSE,Q9DBD5
sp|P49442|INPP_MOUSE,P49442
sp|Q9QZ73|DCNL1_MOUSE,Q9QZ73
sp|Q8BLF1|NCEH1_MOUSE,Q8BLF1
sp|Q2YDW2|MSTO1_MOUSE,Q2YDW2
sp|Q80SZ7|GBG5_MOUSE,Q80SZ7
sp|Q3UR85|MYRF_MOUSE,Q3UR85
sp|Q9DAS9|GBG12_MOUSE,Q9DAS9
sp|Q7TT50|MRCKB_MOUSE,Q7TT50
sp|P45878|FKBP2_MOUSE,P45878
sp|Q9CXE7|TMED5_MOUSE,Q9CXE7
sp|O54984|GET3_MOUSE,O54984
sp|O35166|GOSR2_MOUSE,O35166
sp|B1AR13|CISD3_MOUSE,B1AR13
sp|Q921Q7|RIN1_MOUSE,Q921Q7
sp|Q8K0B2|LMBD1_MOUSE,Q8K0B2
sp|Q8BTI8|SRRM2_MOUSE,Q8BTI8
sp|Q9DCD5|TJAP1_MOUSE,Q9DCD5
sp|Q8VCA8|SCRN2_MOUSE,Q8VCA8
sp|Q61414|K1C15_MOUSE,Q61414
sp|Q91YR5|EFNMT_MOUSE,Q91YR5
sp|P33610|PRI2_MOUSE,P33610
sp|Q8CFQ3|AQR_MOUSE,Q8CFQ3
sp|Q5XG73|ACBD5_MOUSE,Q5XG73
sp|Q6PAR5|GAPD1_MOUSE,Q6PAR5
sp|Q8BH64|EHD2_MOUSE,Q8BH64
sp|Q99M71|EPDR1_MOUSE,Q99M71
sp|O89023|TPP1_MOUSE,O89023
sp|A2A8Z1|OSBL9_MOUSE,A2A8Z1
sp|Q9D8M4|RL7L_MOUSE,Q9D8M4
sp|P62488|RPB7_MOUSE,P62488
sp|Q99PM9|UCK2_MOUSE,Q99PM9
sp|Q505D7|OPA3_MOUSE,Q505D7
sp|Q8BGA5|KRR1_MOUSE,Q8BGA5
sp|P70288|HDAC2_MOUSE,P70288
sp|Q6P4S6|SIK3_MOUSE,Q6P4S6
sp|Q8C5Q4|GRSF1_MOUSE,Q8C5Q4
sp|O88842|FGD3_MOUSE,O88842
sp|Q9WVC3|CAV2_MOUSE,Q9WVC3
sp|Q9D1G2|PMVK_MOUSE,Q9D1G2
sp|Q8VE37|RCC1_MOUSE,Q8VE37
sp|Q9EP97|SENP3_MOUSE,Q9EP97
sp|Q9CYZ2|TPD54_MOUSE,Q9CYZ2
sp|Q60772|CDN2C_MOUSE,Q60772
sp|O35945|AL1A7_MOUSE,O35945
sp|Q9CQU3|RER1_MOUSE,Q9CQU3
sp|P23475|XRCC6_MOUSE,P23475
sp|Q8CFE4|SCYL2_MOUSE,Q8CFE4
sp|Q91YT7|YTHD2_MOUSE,Q91YT7
sp|Q8VD62|CK068_MOUSE,Q8VD62
sp|Q8VBV3|EXOS2_MOUSE,Q8VBV3
sp|Q8BTJ4|ENPP4_MOUSE,Q8BTJ4
sp|P60867|RS20_MOUSE,P60867
sp|O54833|CSK22_MOUSE,O54833
sp|P33435|MMP13_MOUSE,P33435
sp|Q9D0M1|KPRA_MOUSE,Q9D0M1
sp|Q99MX0|TKTL1_MOUSE,Q99MX0
sp|Q9JIX0|ENY2_MOUSE,Q9JIX0
sp|Q8CII2|CD123_MOUSE,Q8CII2
sp|Q9CPX8|QCR10_MOUSE,Q9CPX8
sp|A2AT37|RENT2_MOUSE,A2AT37
sp|Q3TBT3|STING_MOUSE,Q3TBT3
sp|Q00493|CBPE_MOUSE,Q00493
sp|P54116|STOM_MOUSE,P54116
sp|Q8BSQ9|PB1_MOUSE,Q8BSQ9
sp|P34884|MIF_MOUSE,P34884
sp|Q8VDQ8|SIR2_MOUSE,Q8VDQ8
sp|Q9D0T1|NH2L1_MOUSE,Q9D0T1
sp|Q9DBV4|MXRA8_MOUSE,Q9DBV4
sp|Q5Y5T1|ZDH20_MOUSE,Q5Y5T1
sp|Q640M1|UT14A_MOUSE,Q640M1
sp|Q8BHY2|NOC4L_MOUSE,Q8BHY2
sp|Q61249|IGBP1_MOUSE,Q61249
sp|Q6P9L6|KIF15_MOUSE,Q6P9L6
sp|P00405|COX2_MOUSE,P00405
sp|Q8BUK6|HOOK3_MOUSE,Q8BUK6
sp|Q9CQ22|LTOR1_MOUSE,Q9CQ22
sp|Q8VE47|UBA5_MOUSE,Q8VE47
sp|Q8R2U4|NTM1A_MOUSE,Q8R2U4
sp|Q9JIS8|S12A4_MOUSE,Q9JIS8
sp|Q9WVL3|S12A7_MOUSE,Q9WVL3
sp|P62748|HPCL1_MOUSE,P62748
sp|Q9CUN6|SMUF1_MOUSE,Q9CUN6
sp|Q9CW46|RAVR1_MOUSE,Q9CW46
sp|Q3TIU4|PDE12_MOUSE,Q3TIU4
sp|Q9D1K7|CT027_MOUSE,Q9D1K7
sp|Q922V4|PLRG1_MOUSE,Q922V4
sp|Q61554|FBN1_MOUSE,Q61554
sp|Q62086|PON2_MOUSE,Q62086
sp|Q99JX4|EIF3M_MOUSE,Q99JX4
sp|Q91VZ6|SMAP1_MOUSE,Q91VZ6
sp|Q6P5F6|S39AA_MOUSE,Q6P5F6
sp|Q8VE73|CUL7_MOUSE,Q8VE73
sp|Q62433|NDRG1_MOUSE,Q62433
sp|Q9D8S3|ARFG3_MOUSE,Q9D8S3
sp|Q8BGZ4|CDC23_MOUSE,Q8BGZ4
sp|O88520|SHOC2_MOUSE,O88520
sp|P70460|VASP_MOUSE,P70460
sp|Q9Z0M5|LICH_MOUSE,Q9Z0M5
sp|P28798|GRN_MOUSE,P28798
sp|O35435|PYRD_MOUSE,O35435
sp|Q3UD01|A7L3B_MOUSE,Q3UD01
sp|P51480|CDN2A_MOUSE,P51480
sp|Q3V1L4|5NTC_MOUSE,Q3V1L4
sp|Q9EQP2|EHD4_MOUSE,Q9EQP2
sp|P97857|ATS1_MOUSE,P97857
sp|P27808|MGAT1_MOUSE,P27808
sp|Q8K3P0|DR9C7_MOUSE,Q8K3P0
sp|Q8VE96|S35F6_MOUSE,Q8VE96
sp|Q3UMY5|EMAL4_MOUSE,Q3UMY5
sp|Q99MJ9|DDX50_MOUSE,Q99MJ9
sp|Q9CQ88|TSN31_MOUSE,Q9CQ88
sp|Q8BG95|MYPT2_MOUSE,Q8BG95
sp|Q9WVL2|STAT2_MOUSE,Q9WVL2
sp|Q69ZR2|HECD1_MOUSE,Q69ZR2
sp|Q9Z2M7|PMM2_MOUSE,Q9Z2M7
sp|Q9D0R8|LSM12_MOUSE,Q9D0R8
sp|Q80ZS3|RT26_MOUSE,Q80ZS3
sp|G5E897|PLGT3_MOUSE,G5E897
sp|Q0VBL3|RBM15_MOUSE,Q0VBL3
sp|P47740|AL3A2_MOUSE,P47740
sp|Q9CX00|IST1_MOUSE,Q9CX00
sp|Q9D967|MGDP1_MOUSE,Q9D967
sp|Q64735|CR1L_MOUSE,Q64735
sp|Q99JW4|LIMS1_MOUSE,Q99JW4
sp|P70302|STIM1_MOUSE,P70302
sp|Q61733|RT31_MOUSE,Q61733
sp|Q9CQV1|TIM16_MOUSE,Q9CQV1
sp|Q8C6G8|WDR26_MOUSE,Q8C6G8
sp|Q9WUN2|TBK1_MOUSE,Q9WUN2
sp|O08739|AMPD3_MOUSE,O08739
sp|Q8VCB1|NDC1_MOUSE,Q8VCB1
sp|Q99N87|RT05_MOUSE,Q99N87
sp|Q62077|PLCG1_MOUSE,Q62077
sp|Q8BFQ4|WDR82_MOUSE,Q8BFQ4
sp|Q91YU8|SSF1_MOUSE,Q91YU8
sp|Q8R1V4|TMED4_MOUSE,Q8R1V4
sp|Q8BFS6|CPPED_MOUSE,Q8BFS6
sp|Q9CYN2|SPCS2_MOUSE,Q9CYN2
sp|Q9CPP6|NDUA5_MOUSE,Q9CPP6
sp|P35821|PTN1_MOUSE,P35821
sp|D0QMC3|MNDAL_MOUSE,D0QMC3
sp|Q99KI3|EMC3_MOUSE,Q99KI3
sp|P01029|CO4B_MOUSE,P01029
sp|Q61387|COX7R_MOUSE,Q61387
sp|Q8C3Y4|KNTC1_MOUSE,Q8C3Y4
sp|Q5EBG8|CA050_MOUSE,Q5EBG8
sp|P58389|PTPA_MOUSE,P58389
sp|Q8C7K6|PCYXL_MOUSE,Q8C7K6
sp|Q9R002|IFI2_MOUSE,Q9R002
sp|Q9R0H0|ACOX1_MOUSE,Q9R0H0
sp|Q9CQC9|SAR1B_MOUSE,Q9CQC9
sp|Q9D8V0|HM13_MOUSE,Q9D8V0
sp|O70311|NMT2_MOUSE,O70311
sp|Q9JI46|NUDT3_MOUSE,Q9JI46
sp|P62889|RL30_MOUSE,P62889
sp|Q9DB96|NGDN_MOUSE,Q9DB96
sp|O88531|PPT1_MOUSE,O88531
sp|Q9DD02|HIKES_MOUSE,Q9DD02
sp|Q9CQI3|GMFB_MOUSE,Q9CQI3
sp|Q9JKP8|CHRC1_MOUSE,Q9JKP8
sp|Q3TVC7|CCDB1_MOUSE,Q3TVC7
sp|Q9JKN1|ZNT7_MOUSE,Q9JKN1
sp|P08556|RASN_MOUSE,P08556
sp|P97452|BOP1_MOUSE,P97452
sp|Q9D1P4|CHRD1_MOUSE,Q9D1P4
sp|P62900|RL31_MOUSE,P62900
sp|Q52KI8|SRRM1_MOUSE,Q52KI8
sp|P60060|SC61G_MOUSE,P60060
sp|Q9CQR2|RS21_MOUSE,Q9CQR2
sp|Q8BH43|WASF2_MOUSE,Q8BH43
sp|Q8C547|HTR5B_MOUSE,Q8C547
sp|Q923D4|SF3B5_MOUSE,Q923D4
sp|Q9CZ96|ZCRB1_MOUSE,Q9CZ96
sp|Q80V26|IMPA3_MOUSE,Q80V26
sp|Q9CQW9|IFM3_MOUSE,Q9CQW9
sp|Q8BI72|CARF_MOUSE,Q8BI72
sp|Q99JX7|NXF1_MOUSE,Q99JX7
sp|Q8CCK0|H2AW_MOUSE,Q8CCK0
sp|Q60870|REEP5_MOUSE,Q60870
sp|P31750|AKT1_MOUSE,P31750
sp|Q8C7V3|UTP15_MOUSE,Q8C7V3
sp|P39876|TIMP3_MOUSE,P39876
sp|Q8BJZ4|RT35_MOUSE,Q8BJZ4
sp|Q9JLB2|PALS1_MOUSE,Q9JLB2
sp|P01027|CO3_MOUSE,P01027
sp|P53810|PIPNA_MOUSE,P53810
sp|P24668|MPRD_MOUSE,P24668
sp|Q9Z0J0|NPC2_MOUSE,Q9Z0J0
sp|Q9D0W5|PPIL1_MOUSE,Q9D0W5
sp|Q99J56|DERL1_MOUSE,Q99J56
sp|P35235|PTN11_MOUSE,P35235
sp|Q9JHS3|LTOR2_MOUSE,Q9JHS3
sp|Q9CQZ1|HSBP1_MOUSE,Q9CQZ1
sp|P84084|ARF5_MOUSE,P84084
sp|Q3TDQ1|STT3B_MOUSE,Q3TDQ1
sp|Q99JR1|SFXN1_MOUSE,Q99JR1
sp|Q9JJ80|RPF2_MOUSE,Q9JJ80
sp|Q8R0H9|GGA1_MOUSE,Q8R0H9
sp|Q8R035|ICT1_MOUSE,Q8R035
sp|Q99KH8|STK24_MOUSE,Q99KH8
sp|Q64324|STXB2_MOUSE,Q64324
sp|P46414|CDN1B_MOUSE,P46414
sp|Q8BHD7|PTBP3_MOUSE,Q8BHD7
sp|Q61508|ECM1_MOUSE,Q61508
sp|P17665|COX7C_MOUSE,P17665
sp|Q8R323|RFC3_MOUSE,Q8R323
sp|Q99K23|UFSP2_MOUSE,Q99K23
sp|Q6ZWQ7|SPCS3_MOUSE,Q6ZWQ7
sp|Q8K5B2|MCFD2_MOUSE,Q8K5B2
sp|Q3TIX9|SNUT2_MOUSE,Q3TIX9
sp|Q99J95|CDK9_MOUSE,Q99J95
sp|Q2VIS4|FILA2_MOUSE,Q2VIS4
sp|P60904|DNJC5_MOUSE,P60904
sp|Q9CZM2|RL15_MOUSE,Q9CZM2
sp|Q64364|ARF_MOUSE,Q64364
sp|Q5NCF2|TPPC1_MOUSE,Q5NCF2
sp|Q9D1L9|LTOR5_MOUSE,Q9D1L9
sp|Q9CXY6|ILF2_MOUSE,Q9CXY6
sp|Q6PGL7|WASC2_MOUSE,Q6PGL7
sp|P52875|TM165_MOUSE,P52875
sp|Q99LU0|CH1B1_MOUSE,Q99LU0
sp|Q3UVG3|F91A1_MOUSE,Q3UVG3
sp|Q9CR29|CCD43_MOUSE,Q9CR29
sp|Q8VHZ7|IMP4_MOUSE,Q8VHZ7
sp|Q9D172|GAL3A_MOUSE,Q9D172
sp|Q9CXY9|GPI8_MOUSE,Q9CXY9
sp|Q9WUU7|CATZ_MOUSE,Q9WUU7
sp|P47226|TES_MOUSE,P47226
sp|Q9QY73|TMM59_MOUSE,Q9QY73
sp|P56212|ARP19_MOUSE,P56212
sp|Q8CCJ9|P20L1_MOUSE,Q8CCJ9
sp|Q80VJ3|DNPH1_MOUSE,Q80VJ3
sp|Q9Z0R9|FADS2_MOUSE,Q9Z0R9
sp|P03958|ADA_MOUSE,P03958
sp|O08583|THOC4_MOUSE,O08583
sp|Q6NWW9|FND3B_MOUSE,Q6NWW9
sp|Q6X893|CTL1_MOUSE,Q6X893
sp|Q8K183|PDXK_MOUSE,Q8K183
sp|O89112|LANC1_MOUSE,O89112
sp|Q9JHJ3|GLMP_MOUSE,Q9JHJ3
sp|Q8BHG2|CZIB_MOUSE,Q8BHG2
sp|Q6PA06|ATLA2_MOUSE,Q6PA06
sp|Q9D211|C2AIL_MOUSE,Q9D211
sp|P18608|HMGN1_MOUSE,P18608
sp|Q9R0L6|PCM1_MOUSE,Q9R0L6
sp|Q99KN2|CIAO1_MOUSE,Q99KN2
sp|Q6NS82|RETR2_MOUSE,Q6NS82
sp|P61021|RAB5B_MOUSE,P61021
sp|Q3TBW2|RM10_MOUSE,Q3TBW2
sp|Q91XL9|OSBL1_MOUSE,Q91XL9
sp|Q91W86|VPS11_MOUSE,Q91W86
sp|P97355|SPSY_MOUSE,P97355
sp|P35762|CD81_MOUSE,P35762
sp|P33611|DPOA2_MOUSE,P33611
sp|Q9R1R2|TRIM3_MOUSE,Q9R1R2
sp|Q5U431|GPR39_MOUSE,Q5U431
sp|Q6ZQK5|ACAP2_MOUSE,Q6ZQK5
sp|Q9D6V8|PAIP2_MOUSE,Q9D6V8
sp|Q8BMB3|IF4E2_MOUSE,Q8BMB3
sp|O88939|ZBT7A_MOUSE,O88939
sp|O08807|PRDX4_MOUSE,O08807
sp|P61025|CKS1_MOUSE,P61025
sp|O09159|MA2B1_MOUSE,O09159
sp|P62254|UB2G1_MOUSE,P62254
sp|Q62203|SF3A2_MOUSE,Q62203
sp|Q9JLZ6|HIC2_MOUSE,Q9JLZ6
sp|Q8BHE8|MAIP1_MOUSE,Q8BHE8
sp|P62715|PP2AB_MOUSE,P62715
sp|E2JF22|PIEZ1_MOUSE,E2JF22
sp|Q6A0A2|LAR4B_MOUSE,Q6A0A2
sp|Q9QZE7|TSNAX_MOUSE,Q9QZE7
sp|Q9Z0W3|NU160_MOUSE,Q9Z0W3
sp|Q8BPG6|SUMF2_MOUSE,Q8BPG6
sp|Q9D6N1|CAH13_MOUSE,Q9D6N1
sp|Q91W39|NCOA5_MOUSE,Q91W39
sp|C0HKD8|MFA1A_MOUSE,C0HKD8
sp|Q8BMZ5|SEN34_MOUSE,Q8BMZ5
sp|P59235|NUP43_MOUSE,P59235
sp|Q6PHN9|RAB35_MOUSE,Q6PHN9
sp|Q9DCF9|SSRG_MOUSE,Q9DCF9
sp|Q8BWB6|STEA2_MOUSE,Q8BWB6
sp|Q8K2C7|OS9_MOUSE,Q8K2C7
sp|Q9CY73|RM44_MOUSE,Q9CY73
sp|O08715|AKAP1_MOUSE,O08715
sp|A2A5R2|BIG2_MOUSE,A2A5R2
sp|Q8CB77|ELOA1_MOUSE,Q8CB77
sp|Q8CD92|TTC27_MOUSE,Q8CD92
sp|Q9JHS4|CLPX_MOUSE,Q9JHS4
sp|Q924Z4|CERS2_MOUSE,Q924Z4
sp|Q8BM72|HSP13_MOUSE,Q8BM72
sp|P63321|RALA_MOUSE,P63321
sp|O35130|NEP1_MOUSE,O35130
sp|Q8CCN5|BCAS3_MOUSE,Q8CCN5
sp|Q9WU84|CCS_MOUSE,Q9WU84
sp|Q8K1N4|SPAS2_MOUSE,Q8K1N4
sp|Q8JZM7|CDC73_MOUSE,Q8JZM7
sp|Q9CYZ8|SSBP2_MOUSE,Q9CYZ8
sp|P11928|OAS1A_MOUSE,P11928
sp|Q80X71|T106B_MOUSE,Q80X71
sp|Q8R1L4|ERD23_MOUSE,Q8R1L4
sp|Q8BWP8|B4GA1_MOUSE,Q8BWP8
sp|Q8BH93|MISSL_MOUSE,Q8BH93
sp|Q8CIG8|ANM5_MOUSE,Q8CIG8
sp|Q9CQ49|NCBP2_MOUSE,Q9CQ49
sp|Q3TPX4|EXOC5_MOUSE,Q3TPX4
sp|Q3UI43|BABA1_MOUSE,Q3UI43
sp|P18572|BASI_MOUSE,P18572
sp|P35585|AP1M1_MOUSE,P35585
sp|Q99J21|MCLN1_MOUSE,Q99J21
sp|P43274|H14_MOUSE,P43274
sp|Q8K3H0|DP13A_MOUSE,Q8K3H0
sp|Q99L27|GMPR2_MOUSE,Q99L27
sp|Q9QZB9|DCTN5_MOUSE,Q9QZB9
sp|Q99LL3|CHSTC_MOUSE,Q99LL3
sp|P53564|CUX1_MOUSE,P53564
sp|Q80XC2|TRM61_MOUSE,Q80XC2
sp|Q9QUR7|PIN1_MOUSE,Q9QUR7
sp|Q9D187|CIA2B_MOUSE,Q9D187
sp|Q8VCW8|ACSF2_MOUSE,Q8VCW8
sp|Q9CY16|RT28_MOUSE,Q9CY16
sp|Q8BTS4|NUP54_MOUSE,Q8BTS4
sp|P84089|ERH_MOUSE,P84089
sp|Q8CFE3|RCOR1_MOUSE,Q8CFE3
sp|Q91Z22|PORIM_MOUSE,Q91Z22
sp|Q8VC85|LSM1_MOUSE,Q8VC85
sp|Q8BGT7|SPF30_MOUSE,Q8BGT7
sp|Q6NTA4|RRAGB_MOUSE,Q6NTA4
sp|Q6ZPR5|NSMA3_MOUSE,Q6ZPR5
sp|P43275|H11_MOUSE,P43275
sp|Q8R0J7|VP37B_MOUSE,Q8R0J7
sp|Q9D786|HAUS5_MOUSE,Q9D786
sp|Q8CDJ8|STON1_MOUSE,Q8CDJ8
sp|P04104|K2C1_MOUSE,P04104
sp|Q80WW9|DDRGK_MOUSE,Q80WW9
sp|O35730|RING1_MOUSE,O35730
sp|O08992|SDCB1_MOUSE,O08992
sp|O35682|MYADM_MOUSE,O35682
sp|Q8VC03|EMAL3_MOUSE,Q8VC03
sp|Q8VC28|AK1CD_MOUSE,Q8VC28
sp|Q9DCT1|AKCL2_MOUSE,Q9DCT1
sp|Q8C0T5|SI1L1_MOUSE,Q8C0T5
sp|P54726|RD23A_MOUSE,P54726
sp|Q6P2B1|TNPO3_MOUSE,Q6P2B1
sp|P31786|ACBP_MOUSE,P31786
sp|Q8C0Z1|F234A_MOUSE,Q8C0Z1
sp|Q3U821|WDR75_MOUSE,Q3U821
sp|Q9JJV2|PROF2_MOUSE,Q9JJV2
sp|Q03146|DDR1_MOUSE,Q03146
sp|P97298|PEDF_MOUSE,P97298
sp|Q8C5H8|NAKD2_MOUSE,Q8C5H8
sp|O70458|OSMR_MOUSE,O70458
sp|Q3UFY8|TM10C_MOUSE,Q3UFY8
sp|Q9R1Q6|T176B_MOUSE,Q9R1Q6
sp|Q8R0A7|K0513_MOUSE,Q8R0A7
sp|E9Q5G3|KIF23_MOUSE,E9Q5G3
sp|Q99LH1|NOG2_MOUSE,Q99LH1
sp|Q91VM9|IPYR2_MOUSE,Q91VM9
sp|O35465|FKBP8_MOUSE,O35465
sp|O54879|HMGB3_MOUSE,O54879
sp|Q8R0F8|FAHD1_MOUSE,Q8R0F8
sp|B9EJ80|PDZD8_MOUSE,B9EJ80
sp|Q9D0J8|PTMS_MOUSE,Q9D0J8
sp|Q9D6L8|PPIL3_MOUSE,Q9D6L8
sp|O35127|C10_MOUSE,O35127
sp|P14094|AT1B1_MOUSE,P14094
sp|P32883|RASK_MOUSE,P32883
sp|Q62093|SRSF2_MOUSE,Q62093
sp|Q61735|CD47_MOUSE,Q61735
sp|Q05769|PGH2_MOUSE,Q05769
sp|Q9DBG9|TX1B3_MOUSE,Q9DBG9
sp|Q8CFE6|S38A2_MOUSE,Q8CFE6
sp|Q5DTM8|BRE1A_MOUSE,Q5DTM8
sp|Q64695|EPCR_MOUSE,Q64695
sp|Q8VDK1|NIT1_MOUSE,Q8VDK1
sp|Q9WVM1|RGAP1_MOUSE,Q9WVM1
sp|Q9CWU6|UQCC1_MOUSE,Q9CWU6
sp|Q6P8M1|TATD1_MOUSE,Q6P8M1
sp|O09117|SYPL1_MOUSE,O09117
sp|P61957|SUMO2_MOUSE,P61957
sp|Q91YJ3|THYN1_MOUSE,Q91YJ3
sp|Q9ERA6|TFP11_MOUSE,Q9ERA6
sp|Q9JJA4|WDR12_MOUSE,Q9JJA4
sp|Q91XI1|DUS3L_MOUSE,Q91XI1
sp|P17809|GTR1_MOUSE,P17809
sp|Q91W52|TMM19_MOUSE,Q91W52
sp|Q9CQF9|PCYOX_MOUSE,Q9CQF9
sp|Q9WUR9|KAD4_MOUSE,Q9WUR9
sp|P47879|IBP4_MOUSE,P47879
sp|Q9WV07|LOXE3_MOUSE,Q9WV07
sp|Q8BNI4|DERL2_MOUSE,Q8BNI4
sp|O54775|CCN4_MOUSE,O54775
sp|Q9JLM8|DCLK1_MOUSE,Q9JLM8
sp|Q9CQR4|ACO13_MOUSE,Q9CQR4
sp|Q6ZPJ3|UBE2O_MOUSE,Q6ZPJ3
sp|Q9D1C9|RRP7A_MOUSE,Q9D1C9
sp|Q2HXL6|EDEM3_MOUSE,Q2HXL6
sp|Q9QZN4|FBX6_MOUSE,Q9QZN4
sp|Q9EPU4|CPSF1_MOUSE,Q9EPU4
sp|Q9QYE6|GOGA5_MOUSE,Q9QYE6
sp|Q8BGS2|BOLA2_MOUSE,Q8BGS2
sp|Q8K354|CBR3_MOUSE,Q8K354
sp|Q9CZ28|SNF8_MOUSE,Q9CZ28
sp|Q8BKS9|PUM3_MOUSE,Q8BKS9
sp|Q922P9|GLYR1_MOUSE,Q922P9
sp|Q09143|SL7A1_MOUSE,Q09143
sp|Q9JJT9|PHAX_MOUSE,Q9JJT9
sp|Q9D7V9|NAAA_MOUSE,Q9D7V9
sp|Q8K371|AMOL2_MOUSE,Q8K371
sp|Q8CHK3|MBOA7_MOUSE,Q8CHK3
sp|Q9D1J1|NECP2_MOUSE,Q9D1J1
sp|Q9D1N9|RM21_MOUSE,Q9D1N9
sp|Q8BI06|CEMIP_MOUSE,Q8BI06
sp|Q62241|RU1C_MOUSE,Q62241
sp|P63013|PRRX1_MOUSE,P63013
sp|Q9EPK7|XPO7_MOUSE,Q9EPK7
sp|Q3UN02|LCLT1_MOUSE,Q3UN02
sp|P23780|BGAL_MOUSE,P23780
sp|P62849|RS24_MOUSE,P62849
sp|P61514|RL37A_MOUSE,P61514
sp|Q80Y17|L2GL1_MOUSE,Q80Y17
sp|Q6NSR8|PEPL1_MOUSE,Q6NSR8
sp|Q9D0D3|PAPD1_MOUSE,Q9D0D3
sp|Q8BYW9|EOGT_MOUSE,Q8BYW9
sp|Q61838|PZP_MOUSE,Q61838
sp|Q60767|LY75_MOUSE,Q60767
sp|Q99JY4|TRABD_MOUSE,Q99JY4
sp|Q8BTI9|PK3CB_MOUSE,Q8BTI9
sp|Q9D6N5|NC2A_MOUSE,Q9D6N5
sp|Q9CQ28|DPH6_MOUSE,Q9CQ28
sp|Q80VJ2|SRA1_MOUSE,Q80VJ2
sp|Q9CZH7|MXRA7_MOUSE,Q9CZH7
sp|Q9D7B6|ACAD8_MOUSE,Q9D7B6
sp|Q9ER81|IFG15_MOUSE,Q9ER81
sp|Q8CG72|ADPRS_MOUSE,Q8CG72
sp|Q80VQ0|AL3B1_MOUSE,Q80VQ0
sp|Q3TXT3|SOSSC_MOUSE,Q3TXT3
sp|Q3UMR5|MCU_MOUSE,Q3UMR5
sp|Q9CR61|NDUB7_MOUSE,Q9CR61
sp|Q4VBE8|WDR18_MOUSE,Q4VBE8
sp|Q9JLT4|TRXR2_MOUSE,Q9JLT4
sp|P81269|ATF1_MOUSE,P81269
sp|B0V2N1|PTPRS_MOUSE,B0V2N1
sp|Q9CZX7|PP4P2_MOUSE,Q9CZX7
sp|Q8C1Z8|TM10A_MOUSE,Q8C1Z8
sp|Q9EPB5|SERHL_MOUSE,Q9EPB5
sp|Q61112|CAB45_MOUSE,Q61112
sp|P62996|TRA2B_MOUSE,P62996
sp|Q80TP3|UBR5_MOUSE,Q80TP3
sp|Q3TB82|PKHF1_MOUSE,Q3TB82
sp|Q99LT0|DPY30_MOUSE,Q99LT0
sp|Q3U2P1|SC24A_MOUSE,Q3U2P1
sp|P50615|BTG3_MOUSE,P50615
sp|Q99L85|ELP5_MOUSE,Q99L85
sp|Q8R395|COMD5_MOUSE,Q8R395
sp|Q8VBT0|TMX1_MOUSE,Q8VBT0
sp|Q6PFR5|TRA2A_MOUSE,Q6PFR5
sp|Q9D023|MPC2_MOUSE,Q9D023
sp|Q6ZWV7|RL35_MOUSE,Q6ZWV7
sp|O08586|PTEN_MOUSE,O08586
sp|Q91VS7|MGST1_MOUSE,Q91VS7
sp|Q8R5A3|AB1IP_MOUSE,Q8R5A3
sp|Q9JJC6|RIPL1_MOUSE,Q9JJC6
sp|Q8BXK8|AGAP1_MOUSE,Q8BXK8
sp|Q8C570|RAE1L_MOUSE,Q8C570
sp|Q9JK30|ORC3_MOUSE,Q9JK30
sp|Q64523|H2A2C_MOUSE,Q64523
sp|O89090|SP1_MOUSE,O89090
sp|Q8K3W0|BABA2_MOUSE,Q8K3W0
sp|Q9DCZ1|GMPR1_MOUSE,Q9DCZ1
sp|Q02788|CO6A2_MOUSE,Q02788
sp|Q9ES28|ARHG7_MOUSE,Q9ES28
sp|Q9D9V3|ECHD1_MOUSE,Q9D9V3
sp|P28076|PSB9_MOUSE,P28076
sp|Q07139|ECT2_MOUSE,Q07139
sp|Q99LC3|NDUAA_MOUSE,Q99LC3
sp|Q8K3C3|LZIC_MOUSE,Q8K3C3
sp|Q9D7E3|OVCA2_MOUSE,Q9D7E3
sp|Q8C0E3|TRI47_MOUSE,Q8C0E3
sp|Q9D0M0|EXOS7_MOUSE,Q9D0M0
sp|Q8BHL8|PSMF1_MOUSE,Q8BHL8
sp|Q91X96|MSS4_MOUSE,Q91X96
sp|Q8R0P4|AAMDC_MOUSE,Q8R0P4
sp|Q91YM4|FAKD4_MOUSE,Q91YM4
sp|Q8BVI4|DHPR_MOUSE,Q8BVI4
sp|Q99L48|NMD3_MOUSE,Q99L48
sp|P46656|ADX_MOUSE,P46656
sp|Q78XF5|OSTC_MOUSE,Q78XF5
sp|Q06180|PTN2_MOUSE,Q06180
sp|Q8R2U0|SEH1_MOUSE,Q8R2U0
sp|P70295|AUP1_MOUSE,P70295
sp|Q9JLL0|CRIM1_MOUSE,Q9JLL0
sp|Q9JJY3|NSMA2_MOUSE,Q9JJY3
sp|Q9Z2A7|DGAT1_MOUSE,Q9Z2A7
sp|Q9DAK9|PHP14_MOUSE,Q9DAK9
sp|Q00560|IL6RB_MOUSE,Q00560
sp|P03930|ATP8_MOUSE,P03930
sp|G3X9C2|FBX50_MOUSE,G3X9C2
sp|O35218|CPSF2_MOUSE,O35218
sp|Q8R3G1|PP1R8_MOUSE,Q8R3G1
sp|Q99M87|DNJA3_MOUSE,Q99M87
sp|Q8QZZ7|TPRKB_MOUSE,Q8QZZ7
sp|Q2NL51|GSK3A_MOUSE,Q2NL51
sp|O89013|OBRG_MOUSE,O89013
sp|P31324|KAP3_MOUSE,P31324
sp|Q6S5C2|GNPTG_MOUSE,Q6S5C2
sp|Q80U95|UBE3C_MOUSE,Q80U95
sp|Q8BU85|MSRB3_MOUSE,Q8BU85
sp|Q9CR09|UFC1_MOUSE,Q9CR09
sp|Q8BPM2|M4K5_MOUSE,Q8BPM2
sp|P61226|RAP2B_MOUSE,P61226
sp|Q6PGC1|DHX29_MOUSE,Q6PGC1
sp|Q9CY97|SSU72_MOUSE,Q9CY97
sp|P50637|TSPO_MOUSE,P50637
sp|O09106|HDAC1_MOUSE,O09106
sp|Q9WTK3|GPAA1_MOUSE,Q9WTK3
sp|O70274|TP4A2_MOUSE,O70274
sp|Q3USH5|SFSWA_MOUSE,Q3USH5
sp|P14901|HMOX1_MOUSE,P14901
sp|Q9WTQ8|TIM23_MOUSE,Q9WTQ8
sp|Q8VEA4|MIA40_MOUSE,Q8VEA4
sp|Q6PEV3|WIPF2_MOUSE,Q6PEV3
sp|Q9JI13|SAS10_MOUSE,Q9JI13
sp|Q9ER69|FL2D_MOUSE,Q9ER69
